<?xml-model href="../sherlock.rnc" type="application/relax-ng-compact-syntax"?>
<xml><metadata><series>Series: Sherlock Holmes</series>
<show>Show: The Elusive Umbrella</show>
<date when="1945-01-22">Date: Jan 22 1945</date>
<castList>CAST:
<cast xml:id="forman">BILL FORMAN, announcer</cast>
<cast xml:id="holmes">SHERLOCK HOLMES</cast>
<cast xml:id="watson">DR. JOHN H. WATSON</cast>
<cast xml:id="lestrade">INSPECTOR LESTRADE</cast>
<cast xml:id="Irush">ISABEL RUSH</cast>
<cast xml:id="Srush">STANLEY RUSH, about forty; gruff, unpleasant</cast>
<cast xml:id="black">NATHAN BLACK, about fifty</cast>
<cast xml:id="taylor">TAYLOR, middle-aged Cockney</cast></castList></metadata>
<script>
<ln>BILL FORMAN <stageDirect>ANNOUNCER</stageDirect>: Petri Wine brings you --</ln>

<ln><music>THEME <stageDirect>FADE ON CUE</stageDirect></music></ln>

<ln><speaker>FORMAN</speaker>Basil Rathbone and Nigel Bruce in The New Adventures of <mention ref="holmes">Sherlock Holmes</mention>.</ln>

<ln><music>THEME -- FULL FINISH</music></ln>

<ln>OPENING COMMERCIAL</ln>

<ln><speaker>FORMAN</speaker>The Petri family -- the family that took time to bring you good wine -- invites you to listen to Doctor<mention ref="watson"> Watson</mention> tell us about another exciting adventure he shared with his old friend -- that master detective -- <mention ref="holmes">Sherlock Holmes</mention>. I'm all set for a good story tonight -- because I had a swell dinner this evening. My family had chicken -- fried chicken -- and with that chicken, naturally, we had Petri California Sauterne. You know, what with rationing tightening up and chicken being ration free, we're having chicken more often than I suppose we ought to. But when you can have chicken and Petri Sauterne -- boy, you're really eating! That Petri Sauterne is a wine that can make any meal taste better. Petri Sauterne has a beautiful golden color that brings sparkle and cheer to your table . . . it makes even a simple wartime meal look fancy. And when it comes to flavor -- well, that Petri Sauterne has a flavor right from the heart of luscious, hand-picked, California grapes, a flavor that's subtle . . . delicate and intriguing. Try Petri Sauterne the next time you have chicken. Share Petri Sauterne with your friends -- Yes, and serve it proudly, because the name "Petri" is the proudest name in the history of American Wines!</ln>

<ln><music>SCOTCH POEM</music></ln>

<ln><speaker>FORMAN</speaker>And now for our weekly visit with the good Doctor<mention ref="watson"> Watson</mention>. Evening, Doctor.</ln>

<ln><speaker>WATSON</speaker>Good evening, Mr. Forman. Quite foggy out tonight, isn't it, my boy?</ln>

<ln><speaker>FORMAN</speaker>It certainly is, Doctor. I wasn't sure if I'd be able to get here.</ln>

<ln><speaker>WATSON</speaker>You should have seen the fogs we used to get in London in the old days.</ln>

<ln><speaker>FORMAN</speaker>Pea-soupers, I believe you used to call them, didn't you? Does tonight's story take place in one by any chance, Doctor?</ln>

<ln><speaker>WATSON</speaker>No, as a matter of fact, it doesn't. Although a slight drizzle of rain, which out here you call "precipitation", was the start of all the trouble. Draw up your chair and make yourself comfortable. Smoke?</ln>

<ln><speaker>FORMAN</speaker>Thanks. I rather think I will. I - I've brought my own cigarettes, you see.</ln>

<ln><speaker>WATSON</speaker>Very thoughtful of you, my boy. On looking back over the years, I'm inclined to think it was one of the oddest problems <mention ref="holmes">Sherlock Holmes</mention> ever solved. It began when a man went back into his house to get his umbrella -- and proceeded to vanish off the face of the earth!</ln>

<ln><speaker>FORMAN</speaker>That sounds exciting!</ln>

<ln><speaker>WATSON</speaker>It started conventionally enough.<mention ref="holmes"> Holmes</mention> and I had been to the St. James Hall to hear a noted Italian violinist, and after the concert, we returned to Baker Street to find Inspector Lestrade waiting for us. As we came up the stairs and opened the door -- there he was <stageDirect>FADING</stageDirect> pacing up and down our room . . . .</ln>

<ln><sound>FOOTSTEPS. DOOR OPEN AND CLOSE.</sound></ln>

<ln><speaker>LESTRADE</speaker><stageDirect>FADING IN</stageDirect> . . . <mention ref="holmes">Mr. Holmes</mention>, I'm certainly glad to see you! Evenin', Doctor<mention ref="watson"> Watson</mention>.</ln>

<ln><speaker>WATSON</speaker>Hello, Lestrade.</ln>

<ln><speaker>HOLMES</speaker>Lestrade, my dear fellow, you seem very agitated. I shall presume, therefore, that this is not entirely a social call.</ln>

<ln><speaker>LESTRADE</speaker>It isn't, <mention ref="holmes">Mr. Holmes</mention>. I'm onto one of the most puzzling cases I've ever had -- and that's a fact.</ln>

<ln><speaker>HOLMES</speaker>And you want my help in the matter?</ln>

<ln><speaker>LESTRADE</speaker>I certainly do, sir.</ln>

<ln><speaker>HOLMES</speaker>Splendid. Sit down and tell me all about it.</ln>

<ln><speaker>LESTRADE</speaker>Well, <mention ref="holmes">Mr. Holmes</mention>, it sounds like one of those tricks Maskelyne and Devant do on the music halls. Yesterday afternoon, a man by the name of William Rush left his house in Onslow Square, and went out to a carriage with his partner -- a man by the name of Nathan Black. As he reached the carriage, it started to rain, so he said he'd go back to the house for his umbrella. Black saw him open the front door and go in -- but he didn't come out again. After a little while, Mr. Black got worried and went after him, but not only was there no sign of the man, but his wife and brother who were inside the house swore he never did come back.</ln>

<ln><speaker>WATSON</speaker>What an amazing story!</ln>

<ln><speaker>HOLMES</speaker>You searched the house thoroughly, of course.</ln>

<ln><speaker>LESTRADE</speaker>I've searched, and examined, and questioned until I'm blue in the face, <mention ref="holmes">Mr. Holmes</mention>, an' I can't find no trace of him.</ln>

<ln><speaker>HOLMES</speaker>Hmm. Was anyone able to verify Mr. Black's story?</ln>

<ln><speaker>LESTRADE</speaker>Yes, <mention ref="holmes">Mr. Holmes</mention> -- Mr. Black's coachman. He swore on oath that he saw Rush go back into the house.</ln>

<ln><speaker>HOLMES</speaker>And the couple inside the house swore he didn't come back, eh, Lestrade?</ln>

<ln><speaker>LESTRADE</speaker>That's right, sir.</ln>

<ln><speaker>WATSON</speaker>But people just don't vanish in thin air, y' know.</ln>

<ln><speaker>HOLMES</speaker>A very intriguing problem, Lestrade. The couple outside swear the man went back -- the couple inside swear that he didn't. If neither couple is lying, one might think that somewhere within the thickness of a front door a man has vanished!</ln>

<ln><speaker>WATSON</speaker>That's what it looks like,<mention ref="holmes"> Holmes</mention>. What are you going to do about it?</ln>

<ln><speaker>HOLMES</speaker>Do, old chap? I'm going to do the obvious thing. I'm going to pay a visit to Onslow Square.</ln>

<ln><music>BRIDGE</music></ln>

<ln><speaker>LESTRADE</speaker>Well, I hope you're satisfied, <mention ref="holmes">Mr. Holmes</mention>. You must have searched every inch of the house.</ln>

<ln><speaker>HOLMES</speaker>I am, thank you. And now, Lestrade, I'd like to talk to Mrs. Rush and her brother-in-law.</ln>

<ln><speaker>LESTRADE</speaker>They're waiting for you in the library. I'll take you in.</ln>

<ln><sound>FOOTSTEPS ON WOOD. FOOTSTEPS STOP. KNOCK ON DOOR</sound></ln>

<ln><speaker>ISABEL</speaker><stageDirect>OFF</stageDirect> Come in.</ln>

<ln><sound>DOOR OPEN. FOOTSTEPS</sound></ln>

<ln><speaker>LESTRADE</speaker>Mrs. Rush . . . this is Mr. <mention ref="holmes">Sherlock Holmes</mention> and Doctor<mention ref="watson"> Watson</mention>. They're working with me on the case.</ln>

<ln><speaker>ISABEL</speaker>Good evening, <mention ref="holmes">Mr. Holmes</mention>. <mention ref="watson">Dr. Watson</mention>.</ln>

<ln><speaker>WATSON</speaker>How d'you do, Mrs. Rush. </ln>

<ln><speaker>HOLMES</speaker>Good evening, madam.</ln>

<ln><speaker>LESTRADE</speaker>And this is her husband's brother, Captain Stanley Rush.</ln>

<ln><speaker>HOLMES</speaker>How are you, sir?</ln>

<ln><speaker>WATSON</speaker>How do you do, Captain Rush.</ln>

<ln><speaker>STANLEY</speaker><stageDirect>ABOUT FORTY -- GRUFF, UNPLEASANT</stageDirect> How d'you do.</ln>

<ln><speaker>LESTRADE</speaker>And now, if you'll excuse me, I have to go back to the Yard and make a report. <stageDirect>FADING</stageDirect> Good evening. See you later, <mention ref="holmes">Mr. Holmes</mention>.</ln>

<ln><sound>DOOR CLOSE</sound></ln>

<ln><speaker>ISABEL</speaker>Sit down, won't you? And tell me what I can do to help you.</ln>

<ln><speaker>HOLMES</speaker><stageDirect>AFTER A MOMENT</stageDirect> Thank you, Mrs. Rush. I just want to ask you a few questions.</ln>

<ln><speaker>ISABEL</speaker>Ask me anything you want to, <mention ref="holmes">Mr. Holmes</mention>.</ln>

<ln><speaker>HOLMES</speaker>First, are you convinced -- beyond any shadow of a doubt -- that your husband did not re-enter the front door after he left here yesterday afternoon?</ln>

<ln><speaker>ISABEL</speaker>I'm . . . positive.</ln>

<ln><speaker>HOLMES</speaker>Then please tell me exactly what happened, Mrs. Rush.</ln>

<ln><speaker>ISABEL</speaker>After my husband and Nathan Black had gone, Stanley and I came back here into this room. I'd left this door open as I intended going out myself soon, and was about to go upstairs to change my dress. After a few moments, I started to leave the room, and as I passed the window I noticed that the carriage was still waiting <stageDirect>FADING</stageDirect> in the street outside . . . .</ln>

<ln><speaker>ISABEL</speaker>Stanley? Whatever's holding them up out there? The carriage hasn't moved.</ln>

<ln><speaker>STANLEY</speaker><stageDirect>FADING IN</stageDirect> I don't know. Let's find out. I'll yell at 'em from the window.</ln>

<ln><sound>WINDOW BEING OPENED</sound></ln>

<ln><speaker>STANLEY</speaker>Hello -- it's started to rain. <stageDirect>RAISING HIS VOICE</stageDirect> What's keeping you, Nathan?</ln>

<ln><speaker>BLACK</speaker><stageDirect>OFF CALLING -- ABOUT FIFTY</stageDirect> We're waiting for Bill.</ln>

<ln><speaker>STANLEY</speaker>But he came out with you.</ln>

<ln><speaker>BLACK</speaker>He went back -- for his umbrella.</ln>

<ln><speaker>STANLEY</speaker>He couldn't have done. We'd have seen him.</ln>

<ln><speaker>BLACK</speaker>Yes he did, Stanley, I saw him go in the front door.</ln>

<ln><speaker>STANLEY</speaker><stageDirect>CALLING) Better come back here, Nathan. (TO ISABEL</stageDirect> I don't know what he's talking about. He says that Bill came back for his umbrella.</ln>

<ln><speaker>ISABEL</speaker>This doesn't make sense. Let's go and find out what Nathan's talking about.</ln>

<ln><sound>FOOTSTEPS. AFTER A MOMENT, DOOR OPENS</sound></ln>

<ln><speaker>BLACK</speaker><stageDirect>FADING IN -- LAUGHING</stageDirect> Well, d'you believe me? Where is he?</ln>

<ln><speaker>STANLEY</speaker>I tell you Bill didn't come back here.</ln>

<ln><speaker>BLACK</speaker>And I tell you I saw him unlock the front door!</ln>

<ln><speaker>STANLEY</speaker>That's ridiculous! Isabel and I were just inside the library here. We'd have seen him.</ln>

<ln><speaker>BLACK</speaker>Yes, you would. But the fact remains I saw him enter and close the front door behind him -- and so did the coachman!</ln>

<ln><speaker>ISABEL</speaker><stageDirect>STARTING TO PANIC</stageDirect> Something's happened to him!</ln>

<ln><speaker>STANLEY</speaker>Now Isabel -- what could have happened between the carriage and here?</ln>

<ln><speaker>ISABEL</speaker>I don't know -- but something has!</ln>

<ln><speaker>STANLEY</speaker>This is utterly ridiculous. <stageDirect>FADING</stageDirect> A man can't just dissolve --</ln>

<ln><speaker>ISABEL</speaker><stageDirect>FADE IN</stageDirect> We searched the house from top to bottom, <mention ref="holmes">Mr. Holmes</mention>, and we found no trace of William, so I got in touch with Scotland Yard.</ln>

<ln><speaker>HOLMES</speaker>Before your husband and his partner, Mr. Black, left yesterday afternoon, had you been discussing anything of a significant nature -- or was it just a social gathering?</ln>

<ln><speaker>ISABEL</speaker>No, it was a conference about the business.</ln>

<ln><speaker>STANLEY</speaker>And my brother also told us the terms of his will.</ln>

<ln><speaker>WATSON</speaker>What were those terms, may I ask, Captain Rush?</ln>

<ln><speaker>STANLEY</speaker>He left everything to Isabel, and named me as executor.</ln>

<ln><speaker>HOLMES</speaker>Was this a new will?</ln>

<ln><speaker>ISABEL</speaker>Yes, it was.</ln>

<ln><speaker>HOLMES</speaker>Signed?</ln>

<ln><speaker>STANLEY</speaker>No. Bill wanted to discuss it with us first.</ln>

<ln><speaker>HOLMES</speaker>What were the terms of the previous will?</ln>

<ln><speaker>STANLEY</speaker>Isabel was to get three-quarters of the estate, and I was to get one-quarter.</ln>

<ln><speaker>HOLMES</speaker>So that the new will -- had your brother signed it -- would have cut you, Captain Rush, out of any benefits?</ln>

<ln><speaker>STANLEY</speaker><stageDirect>ANGRILY</stageDirect> Are you suggesting that I tried to get rid of my own brother to prevent him signing the will?</ln>

<ln><speaker>HOLMES</speaker>Captain Rush, you seem remarkably touchy. I'm only asking some obvious questions. I'm not suggesting anything.</ln>

<ln><speaker>STANLEY</speaker>I'm sorry.</ln>

<ln><speaker>HOLMES</speaker>This business conference -- was it entirely an amicable one?</ln>

<ln><speaker>ISABEL</speaker><stageDirect>HESITANTLY</stageDirect> Well . . . .</ln>

<ln><speaker>STANLEY</speaker>Might as well tell the truth, darling.</ln>

<ln><speaker>WATSON</speaker>Yes, indeed, madam. We can't possibly help you unless you tell us everything.</ln>

<ln><speaker>ISABEL</speaker>My husband had quite a heated argument with Nathan Black. Nathan handles the financial side of the business, you see, and he got very angry when William said he was going to get a certified accountant in to go over the books and figures.</ln>

<ln><speaker>HOLMES</speaker>Did your husband accuse Mr. Black of dishonesty?</ln>

<ln><speaker>ISABEL</speaker>No, but he implied it. However, by the time they left, it had all blown over and they seemed on the best of terms.</ln>

<ln><speaker>WATSON</speaker>May I ask, madam, what is your personal opinion of Mr. Black?</ln>

<ln><speaker>ISABEL</speaker>I dislike -- and distrust him.</ln>

<ln><speaker>HOLMES</speaker>That's concise. And you, Captain Rush?</ln>

<ln><speaker>STANLEY</speaker>I've always disliked him, but I haven't distrusted him until a few weeks ago.</ln>

<ln><speaker>HOLMES</speaker>Was there something that caused you to change your opinion as to his honesty?</ln>

<ln><speaker>STANLEY</speaker>Last month, Bill and I were going through some of my father's papers, and we came across an old diary that he'd been writing in just before his death. We found some entries concerning a copper mine in South America, and also some references to buying shares in a silk house in Paris. Now Nathan was executor of my father's estate, and as we'd never heard of these interests until we read the diary. . . naturally we questioned him. After all, he'd been my father's partner for sixteen years.</ln>

<ln><speaker>HOLMES</speaker>And what did he say?</ln>

<ln><speaker>STANLEY</speaker>That he knew nothing about it. Of course we didn't believe him. And that started Bill looking into the current business affairs a little more closely.</ln>

<ln><speaker>HOLMES</speaker>When did your father die, Captain Rush?</ln>

<ln><speaker>STANLEY</speaker>Three years ago -- in a yachting accident. And that's another thing -- the only other person on the boat was Nathan. He tells a story of how he tried to save Father and nearly drowned himself in doing it. But I'd lay you hundred guineas to one he murdered him and then capsized the boat to make it look like an accident.</ln>

<ln><speaker>HOLMES</speaker>Did your brother believe that, too?</ln>

<ln><speaker>STANLEY</speaker>Yes, he did.</ln>

<ln><speaker>WATSON</speaker>And yet you've both said that when your brother an' Mr. Black left here yesterday, they were on the best of terms. Seems a little incongruous, under the circumstances.</ln>

<ln><speaker>STANLEY</speaker><stageDirect>FLUSTERED</stageDirect> Perhaps Bill didn't feel it as strongly as I did. But he definitely distrusted him.</ln>

<ln><speaker>HOLMES</speaker>Hmm. Where d'you suppose we might find Mr. Nathan Black at this time of night?</ln>

<ln><speaker>STANLEY</speaker>That's easy to answer, Nathan is a man of habit. He always dines at the Criterion Restaurant -- when he's in London. It's only eight-thirty. I imagine you'll still find him there.</ln>

<ln><speaker>HOLMES</speaker>Thank you, Captain Rush. And many thanks to you both for your help and cooperation. Come along,<mention ref="watson"> Watson</mention>.</ln>

<ln><speaker>ISABEL</speaker><mention ref="holmes">Mr. Holmes</mention> -- Do you think you're going to be able to find out what's happened to William?</ln>

<ln><speaker>HOLMES</speaker>I hope so, Mrs. Rush. I hope so sincerely.</ln>

<ln><music>BRIDGE <stageDirect>STRAUSS WALTZ THEME</stageDirect>. ORCHESTRA CONTINUES PLAYING STRAUSS WALTZ</music></ln>

<ln><speaker>HOLMES</speaker><stageDirect>AFTER A MOMENT</stageDirect> Mr. Nathan Black?</ln>

<ln><speaker>BLACK</speaker><stageDirect>FADING IN</stageDirect> Yes, gentlemen. What can I do for you?</ln>

<ln><speaker>HOLMES</speaker>My name is <mention ref="holmes">Sherlock Holmes</mention>, and this is my friend, Doctor<mention ref="watson"> Watson</mention>.</ln>

<ln><stageDirect>AD LIB "HOW DO YOU DO'S"</stageDirect></ln>

<ln><speaker>HOLMES</speaker>We're investigating the disappearance of your partner, Mr. Rush.</ln>

<ln><speaker>BLACK</speaker>Sit down, <mention ref="holmes">Mr. Holmes</mention>, won't you? And Doctor -- ? I'm very glad to meet you.</ln>

<ln><sound>CHAIRS BEING MOVED</sound></ln>

<ln><speaker>BLACK</speaker>A dreadful business. Have there been any new developments?</ln>

<ln><speaker>HOLMES</speaker>I'm afraid not. You don't mind if I ask you a few personal questions do you, Mr. Black?</ln>

<ln><speaker>BLACK</speaker>Of course not. Fire away.</ln>

<ln><speaker>HOLMES</speaker>Mr. Black, wasn't there some little difference of opinion between you and your partner regarding a diary that was recently discovered?</ln>

<ln><speaker>BLACK</speaker><stageDirect>LAUGHING</stageDirect> I see that Stanley Rush has been talking to you! All I can tell you, gentlemen, is that if their father had any interest in copper in South America, or silk in France, that it's the first I ever heard of it.</ln>

<ln><speaker>WATSON</speaker>Then may I ask, sir, how you account for those entries in the diary?</ln>

<ln><speaker>BLACK</speaker>I could answer that question a little better if I'd seen this supposed entry in the diary. Personally, I don't think it exists -- except in Stanley's imagination.</ln>

<ln><speaker>HOLMES</speaker>Mr. Black, despite this argument you indulged in with the missing man yesterday, I understand you left the house together on the best of terms?</ln>

<ln><speaker>BLACK</speaker>Oh yes. We've had disagreements before, but they always blew over -- as this one did. I'm much too fond of William to stay angry with him for very long.</ln>

<ln><speaker>HOLMES</speaker>You're convinced, aren't you, that your partner went back into the house for his umbrella yesterday afternoon?</ln>

<ln><speaker>BLACK</speaker>Of course I am -- because I saw it with my own eyes. If you need any corroboration, you can ask my coachman.</ln>

<ln><speaker>HOLMES</speaker>I should like to hear his version -- purely as a matter of routine.</ln>

<ln><speaker>BLACK</speaker>He's waiting for me outside now. Why not question him at once?</ln>

<ln><speaker>HOLMES</speaker>An excellent idea. And many thanks for your courtesy, Mr. Black.</ln>

<ln><music>BRIDGE</music></ln>

<ln><sound>STREET NOISES</sound></ln>

<ln><speaker>BLACK</speaker><stageDirect>AFTER A FEW MOMENTS) Here's my carriage, Mr. Holmes . . . (CALLING</stageDirect> Taylor come down here a minute, will you?</ln>

<ln><speaker>TAYLOR</speaker><stageDirect>FADING IN -- MIDDLE-AGED COCKNEY</stageDirect> Right y'are, Mr. Black.</ln>

<ln><speaker>BLACK</speaker>This gentleman would like to ask you a few questions. Go ahead, <mention ref="holmes">Mr. Holmes</mention>.</ln>

<ln><speaker>HOLMES</speaker>Taylor. . .you were standing outside when Mr. Rush and your employer came out yesterday, weren't you?</ln>

<ln><speaker>TAYLOR</speaker>That's right, guv'nor.</ln>

<ln><speaker>HOLMES</speaker>Will you give your own version of what happened, please.</ln>

<ln><speaker>TAYLOR</speaker>They come out to the carriage. I hops down and opens the door for 'em. As they start to step in, it begins to drizzle wiv' rain, an' Mr. Rush says he's goin' back to get his umbrella. He climbs up the steps again, unlocks the front door wiv' 'is latchkey, and goes in an' closes the door behind 'im . . . and that's the last I sees of him. After a few minutes, Captain Rush comes to the window and asks us why we're waiting and that's when all the how-d'-you-do starts.</ln>

<ln><speaker>HOLMES</speaker>Thank you, Taylor.</ln>

<ln><speaker>BLACK</speaker>Satisfied, <mention ref="holmes">Mr. Holmes</mention>?</ln>

<ln><speaker>HOLMES</speaker>Yes, but puzzled, Mr. Black. Very puzzled. In fact, I think I'd better return to Baker Street. I'm very much afraid this is at least a three-pipe problem.</ln>

<ln><music>BRIDGE</music></ln>

<ln><speaker>WATSON</speaker><stageDirect>SLEEPILY</stageDirect><mention ref="holmes"> Holmes</mention>, it's nearly two o'clock in the morning, you're smoking your fifth pipe -- and yet you said it was only a three-pipe problem.</ln>

<ln><speaker>HOLMES</speaker>Obviously, therefore, old chap, I underestimated the problem.</ln>

<ln><speaker>WATSON</speaker>I've been puzzling about the case, and I have a couple of theories.</ln>

<ln><speaker>HOLMES</speaker>Good. Let's hear them.</ln>

<ln><speaker>WATSON</speaker>Well, I was reading a book the other day -- I think it was by Henry James -- in which a man had the ability to slip back through time and come out in another century, maybe two- or three- hundred years ago.</ln>

<ln><speaker>HOLMES</speaker><stageDirect>CHUCKLING</stageDirect><mention ref="watson"> Watson</mention>, dear fellow, you're most refreshing. You mean that you think that Mr. Rush stepped through that front door yesterday -- and into another century?</ln>

<ln><speaker>WATSON</speaker>It's rather a wild theory, I must admit, but it seems to me this whole case can only have a supernatural explanation.</ln>

<ln><speaker>HOLMES</speaker>Let us leave the supernatural explanations until we have disposed of the natural ones. Four witnesses have testified to the impossible. Therefore two of them must be at least mistaken. The question is -- which two?</ln>

<ln><speaker>WATSON</speaker>My other theory was connected with hypnotism. Supposing Rush wanted to disappear for some reason, and so he hypnotized the witnesses. Now you know as well as I do that hypnotism is a perfectly --</ln>

<ln><speaker>HOLMES</speaker><stageDirect>INTERRUPTING EXCITEDLY</stageDirect> Idiot! Numbskull!</ln>

<ln><speaker>WATSON</speaker><stageDirect>HURT</stageDirect> Well, that's very rude,<mention ref="holmes"> Holmes</mention>. I'm not pretending they're very sound theories.</ln>

<ln><speaker>HOLMES</speaker>No, old chap. I'm the idiot!</ln>

<ln><speaker>WATSON</speaker>What d'you mean?</ln>

<ln><speaker>HOLMES</speaker>The umbrella -- That's the clue! William Rush returned for his umbrella. If it's still there, he might have gone back for it. If it's not, then perhaps he had it all the time. Get your hat and coat,<mention ref="watson"> Watson</mention>!</ln>

<ln><speaker>WATSON</speaker>You mean we're going to the house at this time of the night?</ln>

<ln><speaker>HOLMES</speaker>Certainly.</ln>

<ln><speaker>WATSON</speaker>But you can't rout people out of bed at two in the morning.</ln>

<ln><speaker>HOLMES</speaker>I don't propose to. I have skeleton keys, and anyway, I don't want to draw attention to our visit. Our enemy -- whoever he may be -- could think of the same thing at any moment. We must hope that we get there before him!</ln>

<ln><music>UP STRONG</music></ln>

<ln><speaker>FORMAN</speaker>We'll bring you the rest of Doctor<mention ref="watson"> Watson</mention>'s story in just a few seconds, which gives me plenty of time to mention a wine that can make even a sandwich taste like a feast -- That wine is Petri California Burgundy. Petri Burgundy is the best friend a good meal ever had, and it's a friend indeed to simple, war-time meals. A rich deep red in color and hearty, full and delicious in flavor -- Petri Burgundy is the perfect companion for all your old standby dishes. Petri Burgundy is great with hamburger sandwiches . . . it's just about the last word when you have good old-fashioned spaghetti. And if you're planning a piping hot pot roast or your favorite beef stew -- well, you just can't forget Petri Burgundy. Believe me, with food, nothing can take the place of that good Petri Wine!</ln>

<ln><music>SCOTCH POEM</music></ln>

<ln><speaker>FORMAN</speaker>And now, back to tonight's new <mention ref="holmes">Sherlock Holmes</mention> adventure. William Rush, wealthy business man, stepping back into his house for his umbrella, has apparently vanished from the face of the earth, and <mention ref="holmes">Sherlock Holmes</mention> and Doctor<mention ref="watson"> Watson</mention> are investigating the strange mystery. As we rejoin our story, it is two-thirty in the morning and the famous pair are engaged in breaking into the missing <stageDirect>FADING</stageDirect> man's house.</ln>

<ln><sound>SCRATCHING OF KEY IN LOCK</sound></ln>

<ln><speaker>WATSON</speaker><stageDirect>WHISPERING</stageDirect> I don't like this,<mention ref="holmes"> Holmes</mention> -- breaking into people's houses in the middle of the night.</ln>

<ln><speaker>HOLMES</speaker>Hold the lantern a little higher, will you, old chap -- that's it. There we are.</ln>

<ln><sound>DOOR OPENING AND CLOSING SOFTLY. STEALTHY FOOTSTEPS</sound></ln>

<ln><speaker>HOLMES</speaker><stageDirect>AFTER AN APPRECIABLE PAUSE</stageDirect> The umbrella stand. Now what do we find?</ln>

<ln><speaker>WATSON</speaker>Several parasols . . . obviously Mrs. Rush's.</ln>

<ln><speaker>HOLMES</speaker>One very shabby umbrella. And -- what have we here -- this looks more like it.</ln>

<ln><speaker>WATSON</speaker>By Jove, yes. A neatly rolled one with a gold band on it.</ln>

<ln><speaker>HOLMES</speaker>Yes, but unfortunately for our purposes, it has the initials "S.R." on the band. Obviously, it belongs to Captain Stanley Rush. And that completes the collection.</ln>

<ln><speaker>WATSON</speaker>Then William Rush's umbrella isn't here, and that means he had it with him all the time -- and that he didn't come back.</ln>

<ln><speaker>HOLMES</speaker>That would appear to be what happened, my dear<mention ref="watson"> Watson</mention>. On the other hand, someone might have assumed we would reason along those lines, and in consequence have hidden or destroyed the umbrella.</ln>

<ln><speaker>WATSON</speaker>That's true. I wonder where they might have hidden it?</ln>

<ln><speaker>HOLMES</speaker>I'd suggest the cellar as being a likely place. Also, it has the advantage of having a most convenient furnace down there. Come on . . . through the kitchen.</ln>

<ln><sound>STEALTHY FOOTSTEPS. AFTER A MOMENT, DOOR OPENING</sound></ln>

<ln><speaker>HOLMES</speaker>And now, down these stairs . . . watch your head.</ln>

<ln><speaker>WATSON</speaker>Holmes, you don't need to tell me to -- <stageDirect>EXCLAIMING</stageDirect> Ouch! Confound it! Why do they design staircases for midgets?</ln>

<ln><speaker>HOLMES</speaker>Shh, old fellow. We don't want to wake the whole house.</ln>

<ln><sound>STEALTHY FOOTSTEPS DESCENDING STAIRS <stageDirect>NOTE: VOICES IN ENSUING SCENE ON ECHO</stageDirect></sound></ln>

<ln><speaker>HOLMES</speaker><stageDirect>AFTER A FEW MOMENTS</stageDirect> Well, here we are.</ln>

<ln><sound>FOOTSTEPS ON LEVEL</sound></ln>

<ln><speaker>WATSON</speaker><stageDirect>SUDDENLY</stageDirect> Hello! That furnace is burning very brightly!</ln>

<ln><speaker>HOLMES</speaker>Yes. Surely no one's been stoking it at this hour of the morning.</ln>

<ln><sound>FOOTSTEPS STOP </sound></ln>

<ln><speaker>HOLMES</speaker>Let's see what's burning.</ln>

<ln><sound>FURNACE DOOR BEING OPENED</sound></ln>

<ln><speaker>WATSON</speaker><stageDirect>EXCITEDLY</stageDirect> By George,<mention ref="holmes"> Holmes</mention>! It's a burning umbrella!</ln>

<ln><speaker>HOLMES</speaker>Give me that poker . . . That's it . . . Now let's see if I can get it out again ... .</ln>

<ln><sound>RATTLING OF POKER AGAINST FURNACE</sound></ln>

<ln><speaker>WATSON</speaker>Good work,<mention ref="holmes"> Holmes</mention>! You've got it!</ln>

<ln><sound>STAMPING OF FEET</sound></ln>

<ln><speaker>HOLMES</speaker><stageDirect>GRUNTING</stageDirect> First of all, we'll put out the flames.</ln>

<ln><sound>MORE STAMPING OF FEET.</sound></ln>

<ln><speaker>HOLMES</speaker>There we are.</ln>

<ln><speaker>WATSON</speaker>Not much left of it. Just a twisted metal frame.</ln>

<ln><speaker>HOLMES</speaker>But enough to give us a clue. Look here --</ln>

<ln><speaker>WATSON</speaker>A gold band!</ln>

<ln><speaker>HOLMES</speaker>Exactly, and on it the initials "W.R."</ln>

<ln><speaker>WATSON</speaker>William Rush! The missing man's umbrella! And it must have been put in the furnace only a few minutes ago. The fabric was still flaring as we came down here.</ln>

<ln><speaker>HOLMES</speaker>Obviously someone was trying to dispose of very incriminating evidence.</ln>

<ln><speaker>WATSON</speaker>But who'd be here at this time of the night except --</ln>

<ln><speaker>STANLEY</speaker><stageDirect>FADING IN -- AGGRESSIVELY</stageDirect> Who's down here? I've got a revolver, so don't try any tricks!</ln>

<ln><speaker>HOLMES</speaker>Captain Rush --</ln>

<ln><speaker>STANLEY</speaker>Mr. <mention ref="holmes">Sherlock Holmes</mention>! What in blazes d' you think you're doing in the basement at three o'clock in the morning?</ln>

<ln><speaker>WATSON</speaker>We're searching for evidence -- and we've found some.</ln>

<ln><speaker>STANLEY</speaker>How did you get in?</ln>

<ln><speaker>HOLMES</speaker>I . . . er . . . took the liberty of using a skeleton key. I didn't want to disturb anyone.</ln>

<ln><speaker>STANLEY</speaker>You're just a couple of house-breakers! I'm going to send for the police! Go on move up those stairs!</ln>

<ln><speaker>WATSON</speaker>But this is ridiculous! My friend was asked to investigate the case!</ln>

<ln><speaker>STANLEY</speaker>I didn't ask him. Go on -- get moving!</ln>

<ln><speaker>WATSON</speaker>But --</ln>

<ln><speaker>HOLMES</speaker>I suggest you do as the Captain orders,<mention ref="watson"> Watson</mention>. He still has a revolver pointing at you, you know.</ln>

<ln><sound>FOOTSTEPS ON STAIRS</sound></ln>

<ln><speaker>WATSON</speaker>Outrageous -- treating us like a couple of criminals.</ln>

<ln><speaker>STANLEY</speaker>I never wanted you brought in on this case. The police are perfectly capable of handling the matter, and that's what I'll tell Lestrade when he gets here.</ln>

<ln><speaker>HOLMES</speaker>If you're sending for Lestrade, I wonder if you'd mind asking him to bring Nathan Black with him. If you insist on having a party, I feel that we should have all sides of the case equally represented.</ln>

<ln><music>BRIDGE</music></ln>

<ln><speaker>LESTRADE</speaker><stageDirect>REPROACHFULLY</stageDirect> What's this Captain Rush has been telling me, <mention ref="holmes">Mr. Holmes</mention>? Breaking into people's houses at three in the morning? You and Doctor<mention ref="watson"> Watson</mention> ought to know better than that, y'know.</ln>

<ln><speaker>HOLMES</speaker>I had excellent reasons. Good evening, Mr. Black.</ln>

<ln><speaker>BLACK</speaker>What's good about it? Dragging people out of bed at this hour --</ln>

<ln><speaker>STANLEY</speaker>Yes, <mention ref="holmes">Mr. Holmes</mention>, I think you'd better explain what the devil you think you're up to.</ln>

<ln><speaker>HOLMES</speaker>Gentlemen, I am trying to discover what became of William Rush. Doctor<mention ref="watson"> Watson</mention> and I came here tonight in search of evidence. Here it is . . . this twisted umbrella frame.</ln>

<ln><speaker>BLACK</speaker>That's William's umbrella --</ln>

<ln><speaker>HOLMES</speaker>You have remarkable eyesight, Mr. Black. The only thing that identifies it are the initials on the gold band. But you're right -- it is William Rush's umbrella.</ln>

<ln><speaker>LESTRADE</speaker>Where did you find it, <mention ref="holmes">Mr. Holmes</mention>?</ln>

<ln><speaker>HOLMES</speaker>In the furnace.</ln>

<ln><speaker>BLACK</speaker>I see it now, Stanley! You murdered William because you were in love with Isabel. You disposed of his body and tonight you were trying to dispose of the rest of the evidence, you scoundrel!</ln>

<ln><speaker>STANLEY</speaker><stageDirect>MENACINGLY</stageDirect> I murdered Bill? Why Nathan, you low-down --</ln>

<ln><speaker>BLACK</speaker>D'you deny that you're in love with Isabel?</ln>

<ln><speaker>STANLEY</speaker>Keep her out of this!</ln>

<ln><speaker>HOLMES</speaker>I'm afraid we can't, Captain Rush. That's a pertinent question and I think you should answer it.</ln>

<ln><speaker>LESTRADE</speaker>So do I, <mention ref="holmes">Mr. Holmes</mention>. Now Captain Rush -- were you in love with your sister-in-law?</ln>

<ln><speaker>STANLEY</speaker>Yes. But Bill didn't know -- and I'd never have broken his heart by telling him.</ln>

<ln><speaker>BLACK</speaker>No, you wouldn't break his heart -- you'd just murder him!</ln>

<ln><speaker>STANLEY</speaker><stageDirect>FURIOUSLY</stageDirect> You killed him yourself. Just as you murdered my father!</ln>

<ln><sound>SCUFFLE</sound></ln>

<ln><speaker>LESTRADE</speaker>Here here, gentlemen. Take it easy.</ln>

<ln><speaker>WATSON</speaker>Yes, indeed, you'll settle nothing by murdering each other.</ln>

<ln><speaker>HOLMES</speaker>Since you each accuse the other, there's one very simple way of solving this matter.</ln>

<ln><speaker>WATSON</speaker>What's that,<mention ref="holmes"> Holmes</mention>?</ln>

<ln><speaker>HOLMES</speaker>I want each of you to sign a confession that you did away with William, and then lied about what happened.</ln>

<ln><speaker>STANLEY</speaker>But that's ridiculous!</ln>

<ln><speaker>BLACK</speaker>Of course it is.</ln>

<ln><speaker>HOLMES</speaker>No, it isn't. You have nothing to lose gentlemen, either of you, because since both these confessions can't be true, only one can be damaging -- [if] it's corroborated.</ln>

<ln><speaker>STANLEY</speaker>But to sign a confession -- that's an admission of guilt!</ln>

<ln><speaker>HOLMES</speaker>Only if you are guilty, Captain Rush.</ln>

<ln><speaker>WATSON</speaker>Both the confessions can't be valid, y'know.</ln>

<ln><speaker>BLACK</speaker>What are you going to do with two confessions?</ln>

<ln><speaker>HOLMES</speaker>That I shall demonstrate to you after I have the confessions. Now, I see pen and papers on the writing desk over there. If you'll write what I dictate, please: "I hereby confess that I murdered William Rush and lied about what happened to him." And now sign it, please.</ln>

<ln><speaker>BLACK</speaker><stageDirect>OFF A LITTLE) I must say, Mr. Holmes, this seems the most arrant nonsense. (FADING IN</stageDirect> Here you are.</ln>

<ln><speaker>HOLMES</speaker>Thank you.</ln>

<ln><speaker>STANLEY</speaker>I hope you know what you're doing. <stageDirect>FADING IN</stageDirect> Here.</ln>

<ln><speaker>HOLMES</speaker>I shall confront your separate partners with these confessions and see what they say -- In Captain Rush's case, it will be Mrs. Rush, and in Mr. Black's case, it will be Taylor, his coachman. Lestrade, will you go upstairs and ask Mrs. Rush to come down here, please?</ln>

<ln><speaker>LESTRADE</speaker><stageDirect>FADING</stageDirect> Certainly, <mention ref="holmes">Mr. Holmes</mention>.</ln>

<ln><speaker>HOLMES</speaker>Mr. Black, I presume your coachman, Taylor, is waiting for you?</ln>

<ln><speaker>BLACK</speaker>Yes, he's outside. I'll fetch him.</ln>

<ln><speaker>HOLMES</speaker>Thank you. I prefer to fetch him myself.</ln>

<ln><sound>DOOR OPEN. FOOTSTEPS DOWN STEPS</sound></ln>

<ln><speaker>HOLMES</speaker><stageDirect>CALLING</stageDirect> Taylor! Taylor!</ln>

<ln><speaker>TAYLOR</speaker><stageDirect>FADING IN. SLEEPILY</stageDirect> Yes guv'nor -- Aow! It's you!</ln>

<ln><speaker>HOLMES</speaker>Yes. It's me. I want you to read this very simple document just written by your employer. You can read it in the light of your cab lamp.</ln>

<ln><speaker>TAYLOR</speaker><stageDirect>STARTING TO READ WITH DIFFICULTY</stageDirect> "I hereby . . . confess . . . I murdered -- " 'Ere! Wot's 'e think -- ?</ln>

<ln><speaker>BLACK</speaker><stageDirect>FADING IN, SMOOTHLY</stageDirect> Oh no, Mr. <mention ref="holmes">Sherlock Holmes</mention>. You don't really think I'm such a fool, do you? Feel this gun against your ribs? Don't think of turning round, will you?</ln>

<ln><speaker>HOLMES</speaker>I have no intention of -- <stageDirect>WITH A SUDDEN GRUNT OF EXERTION</stageDirect> -- turning round!</ln>

<ln><sound>SCUFFLE. REVOLVER SHOT</sound></ln>

<ln><speaker>HOLMES</speaker>Rather a neat trick, don't you think? It was taught to me by a Japanese wrestler. Now that you've dropped your revolver, I'll borrow it if you don't mind. I suggest that you both stand under the gaslight where I can keep my eyes on you. Thank you. By the way, Taylor -- give me back that confession, will you? I think Inspector Lestrade will find it interesting evidence.</ln>

<ln><speaker>WATSON</speaker><stageDirect>FADING IN EXCITEDLY</stageDirect><mention ref="holmes"> Holmes</mention>! Are you all right?</ln>

<ln><speaker>HOLMES</speaker>Perfectly, thank you, old chap. </ln>

<ln><speaker>WATSON</speaker>But that shot?</ln>

<ln><speaker>HOLMES</speaker>I'm afraid I spoiled Mr. Black's aim.</ln>

<ln><speaker>STANLEY</speaker><stageDirect>FADING IN</stageDirect> What's going on, <mention ref="holmes">Mr. Holmes</mention>?</ln>

<ln><speaker>HOLMES</speaker>There, Captain Rush, are the two men who can tell you the true story of your brother's fate. Will you tell him, Mr. Black?</ln>

<ln><speaker>BLACK</speaker>I refuse to talk without a lawyer present.</ln>

<ln><speaker>HOLMES</speaker>Then let me reconstruct the case. Obviously, William never went back to the house. Nathan Black and Taylor silenced him as he got into the carriage and, after a suitable pause, went in and produced the false story that he had returned for his umbrella.</ln>

<ln><speaker>WATSON</speaker>Then why did we discover the burning umbrella in the furnace earlier on?</ln>

<ln><speaker>HOLMES</speaker>Undoubtedly Mr. Black or his servant Taylor brought it back in the hopes the burning remnants would incriminate Captain Rush. In fact, if we hadn't interrupted them earlier, I'm pretty well certain Mr. Black planned to be 'round in the morning, suggesting that we search the furnace.</ln>

<ln><speaker>STANLEY</speaker>I don't care about all that. What I want to know is what's happened to Bill!</ln>

<ln><speaker>HOLMES</speaker>Tell him, Taylor.</ln>

<ln><speaker>BLACK</speaker>Keep your mouth shut!</ln>

<ln><speaker>TAYLOR</speaker>Naow! I won't. You think becos' you pay me ten quid you can shove the blame off on me. Well, you can't, see? 'Eres what 'appened, gents. The bloke gets in the carriage and Mr. Black slips this pad wiv' chloroform on his face, an' he goes to sleep, an' we hide him under the rugs. Later on we drives out to Putney. On the ways I hears a shot in the carriage, and when we gets to a quiet spot just below the bridge . . . we stops and throws the poor bloke in the river.</ln>

<ln><speaker>STANLEY</speaker><stageDirect>VIOLENTLY</stageDirect> Why, Nathan you --</ln>

<ln><sound>CRACK OF FIST ON JAW. GROAN, FALLING BODY</sound></ln>

<ln><speaker>HOLMES</speaker>I can't say I blame you, Captain Rush. But I suggest you leave this pair to us while you go back and break the news to Mrs. Rush.</ln>

<ln><speaker>STANLEY</speaker>Very well Mr,<mention ref="holmes"> Holmes</mention> . . . <stageDirect>FADING</stageDirect> I'll do that.</ln>

<ln><speaker>LESTRADE</speaker><stageDirect>FADING IN EXCITEDLY</stageDirect> <mention ref="holmes">Mr. Holmes</mention> -- what's going on?</ln>

<ln><speaker>HOLMES</speaker>Ah, Scotland Yard -- late as usual. The case is solved, Lestrade.</ln>

<ln><speaker>LESTRADE</speaker>Solved? But who --</ln>

<ln><speaker>HOLMES</speaker>The dormant Mr. Black is your murderer, and that cringing apology of a man Taylor is an accessory.</ln>

<ln><speaker>LESTRADE</speaker>But why --</ln>

<ln><speaker>HOLMES</speaker>Come now, Lestrade. I can't provide you with both the criminals and the motive at this time of the morning. Here is the confession. I suggest that you have Taylor drive you and your evidence over to Scotland Yard.</ln>

<ln><speaker>WATSON</speaker>Good idea,<mention ref="holmes"> Holmes</mention>. Here, Lestrade. I'll give you a hand with getting Mr. Black into the carriage . . . .</ln>

<ln><sound>EXERTION</sound></ln>

<ln><speaker>WATSON</speaker>There we are . . . .</ln>

<ln><speaker>LESTRADE</speaker>Thank you, Doctor. And thank you, <mention ref="holmes">Mr. Holmes</mention>. Once again you've helped me out of a very tight place.</ln>

<ln><speaker>HOLMES</speaker>Not at all, dear fellow. I'm glad to have been of service. I'll be round at the Yard in the morning.</ln>

<ln><speaker>LESTRADE</speaker><stageDirect>FADING</stageDirect> Good night, gentlemen.</ln>

<ln><speaker>HOLMES and WATSON</speaker> Good night.</ln>

<ln><sound>CAB DOOR CLOSES</sound></ln>

<ln><speaker>LESTRADE</speaker><stageDirect>OFF A LITTLE </stageDirect> All right, Taylor. Off you go . . . and no funny tricks. I've got a revolver, remember.</ln>

<ln><speaker>HOLMES</speaker>Oh, Lestrade --</ln>

<ln><speaker>LESTRADE</speaker><stageDirect>OFF</stageDirect> Yes, <mention ref="holmes">Mr. Holmes</mention>?</ln>

<ln><speaker>HOLMES</speaker>Sure you don't want to take us with you?</ln>

<ln><speaker>LESTRADE</speaker>How d'you mean, sir?</ln>

<ln><speaker>HOLMES</speaker>After all . . . technically we're criminals. We're guilty of housebreaking, you know.</ln>

<ln><speaker>LESTRADE</speaker><stageDirect>LAUGHING</stageDirect> That's all right, <mention ref="holmes">Mr. Holmes</mention>. Just this once I think we can overlook that!</ln>

<ln><music>UP STRONG TO FINAL CURTAIN</music></ln>

<ln><speaker>FORMAN</speaker>Well, Doctor, that was an unusual story. And I must say I was a bit surprised at the outcome.</ln>

<ln><speaker>WATSON</speaker>Surprised -- in what respect?</ln>

<ln><speaker>FORMAN</speaker>Well -- to tell the truth, I thought Stanley Rush was guilty -- not Nathan Black.</ln>

<ln><speaker>WATSON</speaker>Why did you think that?</ln>

<ln><speaker>FORMAN</speaker>Well -- Stanley looked so rough and uncouth, while Black looked every bit the gentleman.</ln>

<ln><speaker>WATSON</speaker><stageDirect>LAUGHS</stageDirect> I'm afraid you're as bad a detective as I am. You know, determining a man's character is like determining the character of a wine. You don't judge a man by the clothes he wears any more than you judge a wine by the glass it's served in.</ln>

<ln><speaker>FORMAN</speaker>Well -- get him! <mention ref="watson">Dr. Watson</mention>, the philosopher. <stageDirect>LAUGHS</stageDirect> But you've got something there, Doctor. A good wine does taste good in any kind of glass, and that's particularly true about Petri California Wine. You can serve Petri wine in water tumblers or even tea cups and it will still be clear, fragrant and delicious. That's because the Petri family really knows how to make good wine. They've been making wine for generations -- ever since they first started the Petri business way back in the eighteen-hundreds. And because their business has always been a family affair -- well, they've been able to hand on down in the family -- from father to son, from father to son -- everything they've ever learned about the art of making fine wine. Yes sir -- the Petri family knows all there is to know about turning plump, hand-picked grapes into wonderful wine. That's why you can't go wrong with a Petri wine . . . because Petri took time to bring you good wine! And now, Doctor<mention ref="watson"> Watson</mention>, how's about a clue to next week's story?</ln>

<ln><speaker>WATSON</speaker>Next week, Mr. Forman, I'm going to tell you about a strange and terrifying adventure that <mention ref="holmes">Sherlock Holmes</mention> and I had on the rocky coasts of Cornwall. It concerns a most unusual house, two brothers -- and a werewolf!</ln>

<ln><music>SCOTCH POEM</music></ln>

<ln><speaker>FORMAN</speaker>Tonight's <mention ref="holmes">Sherlock Holmes</mention> adventure is written by Denis Green and Bruce Taylor and is based on an incident in the Sir Arthur Conan Doyle story, "The Adventure of the Empty House". Mr. Rathbone appears through the courtesy of Metro-Goldwyn-Mayer and Mr. Bruce through the courtesy of Universal Pictures, where they are now starring in the <mention ref="holmes">Sherlock Holmes</mention> series.</ln>

<ln><music>THEME UP AND DOWN UNDER</music></ln>

<ln><speaker>FORMAN</speaker>The Petri Wine Company of San Francisco, California invites you to tune in again next, week, same time, same station.</ln>

<ln><music>HIT JINGLE</music></ln>

<ln><speaker>SINGERS</speaker>Oh, the Petri family took the time, to bring you such good wine, so when you eat and when you cook, Remember Petri Wine!</ln>

<ln><speaker>FORMAN</speaker>Yes, Petri Wine made by the Petri Wine Company, San Francisco, California.</ln>

<ln><speaker>SINGERS</speaker>Pet -- Pet -- Petri . . . Wine.</ln>

<ln><speaker>FORMAN</speaker>This is Bill Forman saying goodnight for the Petri family. <mention ref="holmes">Sherlock Holmes</mention> comes to you from the Don Lee studios in Hollywood. This is the Mutual Broadcasting Network!</ln></script></xml>