<?xml-model href="../sherlock.rnc" type="application/relax-ng-compact-syntax"?>
<xml><metadata><series>Series: Sherlock Holmes</series>
<show>Show: The Case of the Iron Box</show>
<date when="1945-12-31">Date: Dec 31 1945</date>
<castList>CAST:
<cast xml:id="bartell">ANNOUNCER, Harry Bartell</cast>
<cast xml:id="holmes">SHERLOCK HOLMES, detective</cast>
<cast xml:id="watson">DR. JOHN WATSON, his friend</cast>
<cast xml:id="wife">WIFE, who weeps (2 lines)</cast>
<cast xml:id="thomas">THOMAS, Scots accent (3 lines)</cast>
<cast xml:id="sandy">SANDY, Scots accent (2 lines)</cast>
<cast xml:id="Idunbar">IAN DUNBAR, age 20, Scots accent</cast>
<cast xml:id="Dsmall">DOROTHY SMALL, younger than 21</cast>
<cast xml:id="Wdunbar">SIR WALTER DUNBAR, age 83, Scots accent</cast>
<cast xml:id="Hsmall">HERBERT SMALL, Dorothy's sour, disapproving father</cast>
<cast xml:id="murdock">MURDOCK, young lawyer, Scots accent</cast>
<cast xml:id="angus">ANGUS, servant, Scots accent (2 lines)</cast></castList></metadata>

<script><ln><speaker>ANNOUNCER</speaker> This episode from the life of Sherlock Holmes will be transmitted to our men and women overseas by shortwave and through the worldwide facilities of the Armed Forces Radio Service. Petri Wine brings you--</ln>

<ln><music>ORGAN ... FANFARE</music></ln>

<ln><speaker>ANNOUNCER</speaker> --Basil Rathbone and Nigel Bruce in THE NEW ADVENTURES OF SHERLOCK HOLMES!</ln>

<ln><music>FILLS A PAUSE ... THEN OUT</music></ln>

<ln><speaker>ANNOUNCER</speaker> <lineGp><line>The Petri family, the family that took time to bring you good wine, invite you to listen to <mention ref="watson">Dr. Watson</mention> tell us another exciting adventure he shared with his old friend, that master detective, <mention ref="holmes">Sherlock Holmes</mention>.</line>

<line>Well, this is it -- New Year's Eve -- and I wish you could be here with us this evening so we could toast each other with a glass of Petri California port. As you know, port wine has long been a favorite wine for celebrating a happy occasion. That's because port is a wine rich in tradition. And you couldn't ask for a more delicious port than Petri port. Petri port has a deep glowing red color, beautiful to look at and wonderful to taste, with a hearty full flavor that's right from the heart of the grape. And when you serve Petri port to your friends tonight, or - or any time, remember you can serve it proudly because the name Petri is the proudest name in the history of American wine.</line></lineGp></ln>

<ln><music>THEME <stageDirect>Edward MacDowell's "Scotch Poem"</stageDirect> ... FILLS A PAUSE ... THEN OUT BEHIND--</music></ln>

<ln><speaker>ANNOUNCER</speaker> And now I'm sure <mention ref="watson">Dr. Watson</mention>'s waiting for us, so let's drop in and see him. <stageDirect>TO WATSON</stageDirect> Good evening, doctor. </ln>

<ln><speaker>WATSON</speaker> Good evening, Mr. Bartell. Draw up your usual chair.</ln>

<ln><speaker>ANNOUNCER</speaker> Thank you.</ln>

<ln><speaker>WATSON</speaker> Ah, that's it. Well, did you enjoy the Christmas holidays? </ln>

<ln><speaker>ANNOUNCER</speaker> Well, I - I've had a whale of a time, thank you, but I don't think I can face a turkey or a mince pie for at least another year.</ln>

<ln><speaker>WATSON</speaker> <stageDirect>CHUCKLES WARMLY</stageDirect></ln>

<ln><speaker>ANNOUNCER</speaker> How about you, doctor? </ln>

<ln><speaker>WATSON</speaker> Oh, I had a very pleasant week, too, my boy -- parties, visitors, and a flattering number of Christmas messages to be answered.</ln>

<ln><speaker>ANNOUNCER</speaker> Oh, say, you've got a new pipe. Is that a Christmas present?</ln>

<ln><speaker>WATSON</speaker> Yes -- a new pipe, new tobacco pouch, and a pound of my favorite tobacco. All of them sent to me from London by an old client and a friend of mine, Sir Ian Dunbar. </ln>

<ln><speaker>ANNOUNCER</speaker> An old client, huh? Well, do you mean he was one of your patients? Or was he someone that you and the great <mention ref="holmes">Sherlock Holmes</mention> helped?</ln>

<ln><speaker>WATSON</speaker> The latter, Mr. Bartell. As a matter of fact, it was receiving this gift that reminded me of the story I've decided to tell you tonight -- a story in which Sir Ian Dunbar played a prominent part. </ln>

<ln><speaker>ANNOUNCER</speaker> And how did it begin? </ln>

<ln><speaker>WATSON</speaker> The day before New Year's Eve in Eighteen Hundred and Ninety-Nine. <mention ref="holmes">Sherlock Holmes</mention> and I sat in opposite corners of a first-class railway carriage as we sped towards Edinburgh in the Flying Scotsman. </ln>

<ln><speaker>ANNOUNCER</speaker> What took you and <mention ref="holmes">Sherlock Holmes</mention> up there, doctor? </ln>

<ln><speaker>WATSON</speaker> It started off as a holiday visit, Mr. Bartell. My old friend Sir Walter Dunbar had asked<mention ref="holmes"> Holmes</mention> and me to spend a few days with him at Dunbar Castle about twenty miles outside Edinburgh. After we left Kings Cross station,<mention ref="holmes"> Holmes</mention> -- his sharp, eager face framed in his deer-stalking cap -- dipped into the bundle of fresh papers which he'd brought with him. We left Bedford far behind us before he thrust the last one of them under the seat, leaned across, and offered me his cigar case. <stageDirect>FADES OUT</stageDirect></ln>

<ln><sound> MOVING TRAIN BACKGROUND ... WHISTLE BLOWS</sound></ln>

<ln><speaker>HOLMES</speaker> Care for a cigar,<mention ref="watson"> Watson</mention>?</ln>

<ln><speaker>WATSON</speaker> No. No, thanks, old fellow; I'll stick to my pipe.</ln>

<ln><speaker>HOLMES</speaker> Flying Scotsman's living up to its name. We're going splendidly. Our present rate is fifty-three-and-a-half miles an hour.</ln>

<ln><speaker>WATSON</speaker> Oh? I hadn't noticed the quarter mile posts.</ln>

<ln><speaker>HOLMES</speaker> Nor have I, but the telegraph posts on this line are sixty yards apart. With the aid of a watch the calculation is a simple one.<mention ref="watson"> Watson</mention>, my dear fellow, we have several hours ahead of us. Tell me more about Sir Walter Dunbar. I have a feeling that he is in some kind of trouble, and that you haven't wanted to talk about it.</ln>

<ln><speaker>WATSON</speaker> Well, it's not exactly trouble,<mention ref="holmes"> Holmes</mention>, but there's a strange problem that confronts the Dunbars. A problem that'll be settled at midnight tomorrow.</ln>

<ln><speaker>HOLMES</speaker> Oh, indeed? The night of New Year's Eve, eh?</ln>

<ln><speaker>WATSON</speaker> Yes, exactly. But to really appreciate the story, I have to begin by telling you of the death of old Sir Thomas Dunbar. </ln>

<ln><speaker>HOLMES</speaker> The father of the present baronet, I suppose.</ln>

<ln><speaker>WATSON</speaker> Yes. He was severely wounded at Waterloo, though he managed to last long enough to get back to Dunbar Castle. The story goes that, as he lay there on his deathbed, he told his wife of his plans for their unborn son.</ln>

<ln><sound> SCENE FADES OUT ... TRANSITIONAL PAUSE FOR FLASHBACK ... SCENE FADES IN</sound></ln>

<ln><speaker>WIFE</speaker> <stageDirect>WEEPS ... THEN IN BG</stageDirect></ln>

<ln><speaker>THOMAS</speaker> There. Dinna grieve, lass. I fetched the baronetcy home from Waterloo, but I fetched a mortal wound as well. <stageDirect>BEAT) Aw, hush, lass. I'm not afraid to die. All that niggles me is that I shall ne'er see the child you bear. Is Sir Walter Scott not comin' yet? Eh, can't he be here at the deathbed of his old friend? (UP</stageDirect> Who's there? Is that you, Sandy Murdock?</ln>

<ln><speaker>SANDY</speaker> Aye, Thomas. It's me.</ln>

<ln><speaker>THOMAS</speaker> Aye. I'm leavin' an unborn son behind me when I die. Now, I don't trust women, little children, nor banks, for that matter. I put the best part of my wealth and gold in the big iron box ye'll find under the bed. The money's there. Aye, and something else for a rainy day. You'll have to keep that box in trust for me, Sandy. You can turn it over to my boy on the New Year's Eve before his 21st birthday -- when he'll be a man and wise enough to know how to use it. You understand, Sandy?</ln>

<ln><speaker>SANDY</speaker> Aye, Thomas. But supposing your baron's a girl?</ln>

<ln><speaker>THOMAS</speaker> A girl? I tell ye, it'll be a boy! <stageDirect>HIS DYING WORDS, SLOWLY</stageDirect> And we'll name him Walter after my good friend Sir Walter Scott. </ln>

<ln><speaker>WIFE</speaker> <stageDirect>WEEPING UP TO FILL A PAUSE ... THEN CROSSFADES WITH--</stageDirect></ln>

<ln><sound> MOVING TRAIN BACKGROUND</sound></ln>

<ln><speaker>HOLMES</speaker> Very interesting story,<mention ref="watson"> Watson</mention>. And that child, of course, is the gentleman we are going to see now, Sir Walter Dunbar.</ln>

<ln><speaker>WATSON</speaker> Exactly.</ln>

<ln><speaker>HOLMES</speaker> And the first baronet was a friend of Sir Walter Scott, while his son can boast of your acquaintance. <stageDirect>DRY</stageDirect> Why, it's a family singularly rich in literary friendships.</ln>

<ln><speaker>WATSON</speaker> That's not very funny,<mention ref="holmes"> Holmes</mention>. But to continue, I suppose you can guess what happened. Sir Thomas carefully drew up the document to specify the New Year's Eve before the baronet's 21st birthday. And the poor child was born on February the 29th. <stageDirect>CHUCKLES</stageDirect> It was a leap year.</ln>

<ln><speaker>HOLMES</speaker> <stageDirect>CHUCKLES</stageDirect> So poor Sir Walter is still waiting for his iron box full of gold.</ln>

<ln><speaker>WATSON</speaker> Yes. He'll be eighty-four next year and yet, legally, with only one birthday every four years -- in the eyes of the law -- he'll at last be twenty-one!</ln>

<ln><speaker>HOLMES</speaker> A most amusing situation, though I'm afraid Sir Walter finds it far from entertaining. The lawyers must have been extremely scrupulous in abiding by the letter of the document.</ln>

<ln><speaker>WATSON</speaker> Yes. Old Sandy Murdock is dead now, of course, but he too has a great-grandson, William Murdock, who still handles the Dunbar estate. He'll be at the castle tonight to formally hand over the iron box.</ln>

<ln><speaker>HOLMES</speaker> I'm delighted you accepted the holiday invitation of Sir Walter, my dear fellow. I've needed a rest, but I've always loathed too strict a one. This situation may pose a nice little problem for me.</ln>

<ln><speaker>WATSON</speaker> Problem?</ln>

<ln><speaker>HOLMES</speaker> Yes, I'm reasonably certain that the agèd Sir Walter Dunbar will not get his iron box full of gold on this New Year's Eve, either. But we shall see, old fellow; we shall see.</ln>

<ln><music>BRIDGE ... WITH A SCOTS FLAVOR</music></ln>

<ln><speaker>IAN</speaker> <mention ref="watson">Dr. Watson</mention>! I'm glad to see you and <mention ref="holmes">Mr. Holmes</mention> here at the castle.</ln>

<ln><speaker>WATSON</speaker> Thank you, my boy.<mention ref="holmes"> Holmes</mention>, this is Ian Dunbar, Sir Walter's grandson.</ln>

<ln><speaker>HOLMES</speaker> How do you do, Mr. Dunbar?</ln>

<ln><speaker>IAN</speaker> I'm very proud to meet you, <mention ref="holmes">Mr. Holmes</mention>. I've heard a lot about you. My grandfather will be down in a few moments. Let's go into the library, shall we?</ln>

<ln><sound> THEIR STEPS INTO LIBRARY ... IN BG</sound></ln>

<ln><speaker>WATSON</speaker> I imagine Sir Walter's quite excited about tonight's ceremony, isn't he?</ln>

<ln><speaker>IAN</speaker> <stageDirect>CHUCKLES</stageDirect> Wouldn't you be if you'd waited sixty-three years too long for an inheritance?</ln>

<ln><speaker>WATSON</speaker> <stageDirect>CHUCKLES</stageDirect> </ln>

<ln><speaker>IAN</speaker> Thank the Lord I had the foresight to be born on the prosaic date of August the twenty-first.</ln>

<ln><speaker>HOLMES</speaker> In the event of your grandfather's death, you would be the next baronet, I take it?</ln>

<ln><speaker>IAN</speaker> Yes, <mention ref="holmes">Mr. Holmes</mention>. <stageDirect>SOBERLY</stageDirect> You see, my father was killed two months ago at Mafeking.</ln>

<ln><speaker>WATSON</speaker> <stageDirect>MATCHES HIM</stageDirect> Yes-yes, I read about it in the papers, my boy. I'm - I'm very sorry.</ln>

<ln><speaker>IAN</speaker> Thank you, doctor. <stageDirect>CHANGES SUBJECT, LIGHTLY</stageDirect> The opening of the box isn't going to be the only ceremony at midnight. Dorothy and I are announcing our engagement.</ln>

<ln><speaker>WATSON</speaker> Er, Dorothy?</ln>

<ln><speaker>IAN</speaker> Dorothy Small. She and her father are staying here, too.</ln>

<ln><speaker>HOLMES</speaker> My congratulations.</ln>

<ln><speaker>WATSON</speaker> Yes-yes, indeed, Ian, indeed. Mine, too.</ln>

<ln><speaker>IAN</speaker> Thank you. It's been quite a battle with her father, though. He's a business man and isn't impressed with titles when they aren't accompanied by a suitable income. But when we told him about the inheritance, he relented and gave his consent.</ln>

<ln><sound> LIBRARY DOOR OPENS ... STEPS IN</sound></ln>

<ln><speaker>IAN</speaker> Ah, here's Dorothy now.</ln>

<ln><sound> LIBRARY DOOR CLOSES ... STEPS OUT BEHIND--</sound></ln>

<ln><speaker>IAN</speaker> Dorothy darling, I want you to meet two friends of mine, Mr. <mention ref="holmes">Sherlock Holmes</mention> and <mention ref="watson">Dr. Watson</mention>.</ln>

<ln><speaker>DOROTHY</speaker> How do you do?</ln>

<ln><speaker>HOLMES</speaker> How do you do, Miss Small?</ln>

<ln><speaker>WATSON</speaker> How are you, my dear? From what this young man's been telling us, I gather that congratulations are in order.</ln>

<ln><speaker>DOROTHY</speaker> Thank you. I finally persuaded father that Ian would make a worthy son-in-law. For a while I was afraid we'd have to elope to Gretna Green and live in a cottage on bread and cheese and love, and "brave the parental wrath," just as they do in the story books.</ln>

<ln><sound> LIBRARY DOOR OPENS ... WALTER AND HERBERT'S STEPS IN</sound></ln>

<ln><speaker>WATSON</speaker> Oh, Sir Walter, there you are!</ln>

<ln><sound> LIBRARY DOOR CLOSES ... WALTER AND HERBERT'S STEPS TO WATSON</sound></ln>

<ln><speaker>WALTER</speaker><mention ref="watson"> Watson</mention>, me dear boy! How are ye? And this must be your friend, <mention ref="holmes">Sherlock Holmes</mention>.</ln>

<ln><speaker>HOLMES</speaker> How do you do, Sir Walter?</ln>

<ln><speaker>WALTER</speaker> Very well, for a young nipper who'll be twenty-one at midnight. <stageDirect>CHUCKLES</stageDirect> Oh, gentlemen, may I introduce Mr. Herbert Small?</ln>

<ln><speaker>HOLMES</speaker> How do you do?</ln>

<ln><speaker>WATSON</speaker> How do you do, sir? I believe we have to congratulate you on the engagement of your daughter.</ln>

<ln><speaker>HERBERT</speaker> <stageDirect>IRRITATED</stageDirect> That was supposed to remain a secret until midnight, when the Dunbar box was finally opened.</ln>

<ln><speaker>WALTER</speaker> Ah, don'na be grouchy, Herbert. The children are in love, and I'm going to settle money on Ian. And it's New Year's Eve! Let's enter into the spirit of the occasion. Bring out the glasses, Ian. I've had some bottles of my special pride put out; it's the finest port in Scotland -- the Creme of Dunbar. Aye, my father laid the first bottle down the year before I was born. And a drink of the brew will surely warm the cockles of your heart.</ln>

<ln><sound> OF DRINKS BEING FIXED, IN BG</sound></ln>

<ln><speaker>WATSON</speaker> Well, my mouth's watering already, Sir Walter.</ln>

<ln><speaker>HERBERT</speaker> When is this lawyer fellow, young Murdock, getting here?</ln>

<ln><speaker>WALTER</speaker> Oh, any moment, Herbert. As soon as he arrives we'll have dinner and then we'll be ready for the evening's ceremonies.</ln>

<ln><speaker>HOLMES</speaker> He's bringing the famous iron box with him, Sir Walter?</ln>

<ln><speaker>WALTER</speaker> If he doesn't, he won't get any dinner,<mention ref="holmes"> Holmes</mention>! Ian, pass the glasses around, me boy.</ln>

<ln><sound> LIBRARY DOOR OPENS ... MURDOCK'S STEPS IN ... DOOR CLOSES BEHIND--</sound></ln>

<ln><speaker>WALTER</speaker> Ah, there you are, Murdock!</ln>

<ln><speaker>MURDOCK</speaker> Good evening, Sir Walter.</ln>

<ln><speaker>WALTER</speaker> Oh, ye've got the box with ye, I see. Now the party's complete! Oh, let me introduce you. <stageDirect>BRISK INTRODUCTIONS</stageDirect> Miss Small; her father, Mr. Small; my grandson Ian you know; Mr. <mention ref="holmes">Sherlock Holmes</mention>; <mention ref="watson">Dr. Watson</mention>.</ln>

<ln><speaker>WATSON</speaker> How do you do?</ln>

<ln><speaker>MURDOCK</speaker> I'm sorry I'm late, Sir Walter. My train was delayed.</ln>

<ln><speaker>WALTER</speaker> Oh, that's all right, Murdock. You're here and you brought the box. That's all that matters. Ian, give our young lawyer a drink. <stageDirect>MOVING OFF</stageDirect> Here, I'll help you pour.</ln>

<ln><sound> GUESTS MURMUR, IN BG, AS HOLMES AND WATSON CHAT QUIETLY</sound></ln>

<ln><speaker>WATSON</speaker> I must say that this is rather exciting,<mention ref="holmes"> Holmes</mention>. The famous iron box with its inheritance of gold.</ln>

<ln><speaker>HOLMES</speaker> Yes, and from the size of the box, at a rough guess, I should estimate its cubic content in gold at around five thousand pounds. Not a vast sum, perhaps, to a business man like Mr. Small, but a windfall to an impecunious Scottish baronet.</ln>

<ln><speaker>WATSON</speaker> Yes, I suppose it is.</ln>

<ln><speaker>HOLMES</speaker> A strong young man, Mr. Murdock.</ln>

<ln><speaker>WATSON</speaker> How do you mean "strong,"<mention ref="holmes"> Holmes</mention>?</ln>

<ln><speaker>HOLMES</speaker> A box that size full of golden sovereigns would weigh a considerable amount, and yet the lawyer carried it single-handed.</ln>

<ln><sound> GUESTS QUIET BEHIND--</sound></ln>

<ln><speaker>WALTER</speaker> <stageDirect>TO ALL</stageDirect> Now that we're all assembled, I am going to propose a toast. Though it is still some hours off yet, let's drink to the New Year. That means a lot to some of us. To Nineteen Hundred!</ln>

<ln><sound> GLASSES CLINK! AND GUESTS MURMUR "TO 1900!"</sound></ln>

<ln><speaker>DOROTHY</speaker> We should toast more than just Nineteen Hundred, Sir Walter. We should drink to the new century that's about to begin.</ln>

<ln><speaker>IAN</speaker> Good idea, Dorothy.</ln>

<ln><speaker>WATSON</speaker> Oh, I'm afraid that wouldn't be quite appropriate, Miss Small. To be accurate, the 20th century won't begin until January the first, Nineteen Hundred and One, and not Nineteen Hundred.</ln>

<ln><speaker>HERBERT</speaker> <stageDirect>REALIZES, PLEASED</stageDirect> Of course! That's it! Dorothy, I'm afraid your wedding can't take place for some time yet.</ln>

<ln><speaker>DOROTHY</speaker> Father, what are you talking about?</ln>

<ln><speaker>HERBERT</speaker> I read an article in the Guardian the other day that said just the same thing as you, <mention ref="watson">Dr. Watson</mention>. And what's more, it said something even more important. It said that Nineteen Hundred is not a leap year!</ln>

<ln><speaker>WALTER</speaker> Aw, rubbish! Leap year comes every four years. There was one in Eighteen and Ninety-Six; then obviously Nineteen Hundred is one!</ln>

<ln><speaker>IAN</speaker> I think Mr. Small may be right. What do you say, <mention ref="holmes">Mr. Holmes</mention>, do you know?</ln>

<ln><speaker>HOLMES</speaker> Well, I hoped no one would bring up this point, but-- Heh! It's the little problem I referred to on the train, my dear<mention ref="watson"> Watson</mention>.</ln>

<ln><speaker>WATSON</speaker> Yes, I remember.</ln>

<ln><speaker>WALTER</speaker><mention ref="holmes"> Holmes</mention>! For Heavens sake, answer! Is Nineteen Hundred a leap year or no?</ln>

<ln><speaker>HOLMES</speaker> I'm afraid it's not, Sir Walter.</ln>

<ln><speaker>WALTER</speaker> No?</ln>

<ln><sound> GUESTS MURMUR BRIEFLY</sound></ln>

<ln><speaker>HOLMES</speaker> Because of a slight imbalance that would otherwise be produced in the calendar. Of the even century years, only those divisible by four hundred are leap years. In other words, Sixteen Hundred was a leap year, the year Two Thousand will be a leap year, but Eighteen Hundred and Nineteen Hundred are not leap years.</ln>

<ln><speaker>MURDOCK</speaker> <stageDirect>REALIZES, RELIEVED</stageDirect> Then you have no birthday next year, Sir Walter, and I'm afraid I can't open the box tonight.</ln>

<ln><speaker>DOROTHY</speaker> <stageDirect>REALIZES, UNHAPPY</stageDirect> And the Dunbars won't get their inheritance!</ln>

<ln><speaker>HERBERT</speaker> <stageDirect>TRIUMPHANT</stageDirect> And you, my dear, don't marry for a few more years. I won't allow you to marry a pauper!</ln>

<ln><speaker>IAN</speaker> <mention ref="holmes">Mr. Holmes</mention>, are you sure of your facts?</ln>

<ln><speaker>HOLMES</speaker> I'm very much afraid that I am, young man.</ln>

<ln><speaker>WALTER</speaker> <stageDirect>GROANS</stageDirect> This is terrible. I canna stand any more!</ln>

<ln><speaker>WATSON</speaker> Now, now, now -- don't take it too badly, Sir Walter. Here, here's a-- Here, drink this.</ln>

<ln><speaker>WALTER</speaker> <stageDirect>DRINKS, EXHALES</stageDirect></ln>

<ln><speaker>WATSON</speaker> That's it. After all, you only have to wait another four years.</ln>

<ln><speaker>WALTER</speaker> Another four years?! At my age, young man? At my age?! Oh no, I shall never live that long.</ln>

<ln><sound> LIBRARY DOOR OPENS</sound></ln>

<ln><speaker>WALTER</speaker> Aye? What is it, Angus?</ln>

<ln><speaker>ANGUS</speaker> <stageDirect>OFF</stageDirect> Dinner is prepared, Sir Walter. We can serve it as soon as you're ready, sir.</ln>

<ln><music>BRIDGE</music></ln>

<ln><speaker>WATSON</speaker> Oh, what a miserable meal,<mention ref="holmes"> Holmes</mention>. Sir Walter's gone to his room, the young lovers are nearly in tears, and Small and the lawyer Murdock seem to be positively gloating.</ln>

<ln><speaker>HOLMES</speaker> Yes, a most depressing atmosphere in which to welcome the new year. But let us, at least, make the best of it. I think I'll go and have a talk with Sir Walter. And you, my dear chap, why not try and cheer up the young folks? <stageDirect>MOVING OFF</stageDirect> Some of your experiences in India may help them take their minds off their troubles.</ln>

<ln><speaker>WATSON</speaker> Yes. Quite an idea. I'll join you in the library. Call me if you want me,<mention ref="holmes"> Holmes</mention>.</ln>

<ln><sound> LIVING ROOM DOOR OPENS ... WATSON'S STEPS IN ... DOOR CLOSES</sound></ln>

<ln><speaker>WATSON</speaker> Ah! There you are, my dears.</ln>

<ln><speaker>DOROTHY</speaker> Hello, <mention ref="watson">Dr. Watson</mention>.</ln>

<ln><speaker>WATSON</speaker> All alone in the front of the fire, eh?</ln>

<ln><speaker>IAN</speaker> I'm afraid we're not in very good spirits.</ln>

<ln><speaker>WATSON</speaker> Oh, nevertheless I'll sit down here and join you, if you don't mind. Misery loves company, you know? <stageDirect>CHUCKLES</stageDirect></ln>

<ln><speaker>DOROTHY</speaker> You're so very kind, doctor.</ln>

<ln><speaker>WATSON</speaker> Oh, not at all.</ln>

<ln><speaker>DOROTHY</speaker> I was just trying to persuade Ian to elope with me, but he's being most ungallant; he won't even consider it.</ln>

<ln><speaker>IAN</speaker> How can I, darling? I've got under 200 pounds a year in my own right. How could we live on that? I was counting on the money that grandfather was going to give us to get me started.</ln>

<ln><speaker>WATSON</speaker> <stageDirect>WARMLY REASSURING</stageDirect> Now-now-now-now. Miss Small, a little earlier you talked of Gretna Green, and bread and cheese, and love in a cottage. Yes, there's a lot to be said for it, you know? </ln>

<ln><speaker>IAN</speaker> Ah, to be said for it, yes, doctor. But have you ever tried it? </ln>

<ln><speaker>WATSON</speaker> Not literally, my boy. But I must tell you that when Mary, my wife, and I were first married I had very little money. In fact, my income was just about the sum that you mentioned. And we were very happy.</ln>

<ln><speaker>IAN</speaker> Ah, but you have a profession, doctor. Look at me, I've been trained for nothing except to be lord of Dunbar Castle. I can't support the wife on tradition. </ln>

<ln><speaker>DOROTHY</speaker> But you're young, Ian. You can get some kind of position; I'm sure you can.</ln>

<ln><speaker>WATSON</speaker> Yes, of course, of course. As a matter of fact, I think that--</ln>

<ln><sound> LIVING ROOM DOOR OPENS</sound></ln>

<ln><speaker>WATSON</speaker> <stageDirect>TENSE</stageDirect><mention ref="holmes"> Holmes</mention>? What is it? What's wrong?</ln>

<ln><speaker>HOLMES</speaker> <stageDirect>BRISK, URGENT</stageDirect> The devil's work afoot,<mention ref="watson"> Watson</mention>. Come with me, old fellow; and you, Mr. Dunbar. </ln>

<ln><speaker>DOROTHY</speaker> <mention ref="holmes">Mr. Holmes</mention>, what's happened?</ln>

<ln><speaker>HOLMES</speaker> <stageDirect>RAPIDLY</stageDirect> It's Sir Walter. I went to his room. It was in darkness, but in the moonlight I saw two figures struggling by the open casement. One of them was Sir Walter. As I entered he disappeared from sight. His attacker had pushed him out of the window into the moat.</ln>

<ln><speaker>DOROTHY</speaker> How dreadful! </ln>

<ln><speaker>HOLMES</speaker> The other man got away in the darkness. We must get lanterns and go out to the moat at once. Though I'm very much afraid, Mr. Dunbar, that your grandfather is beyond our help!</ln>

<ln><music>FIRST ACT CURTAIN</music></ln>

<ln><speaker>ANNOUNCER</speaker> <mention ref="watson">Dr. Watson</mention> will be back in just a second, so I'd just like to remind you that if you want to serve a wine over the holidays that you're sure the ladies will enjoy, serve Petri California Muscatel. Petri Muscatel is a golden wine with a wonderful flavor -- the flavor of big plump Muscat grapes -- and you know what a flavor that is. I'm sure you'll find that Petri Muscatel is the favorite wine of all women just as Petri port is the favorite wine with men. And incidentally if you're not sure which to get -- Petri Muscatel or Petri port -- don't buy one. Buy two. Get them both and you'll be sure to please everyone. <stageDirect>BEAT</stageDirect> Now to get back to our story. Someone had pushed poor old Sir Walter out of his bedroom window and into the moat below, isn't that right, <mention ref="watson">Dr. Watson</mention>? </ln>

<ln><speaker>WATSON</speaker> Yes, Mr. Bartell. Of course we grabbed lanterns as fast as we could and rushed outside, but it was a hopeless task. The water was eight or ten feet deep, and it seemed obvious that the elderly Sir Walter wouldn't have had a chance of saving himself. But we searched on -- the thick of bobbing lanterns and the scurrying figures in the frosty moonlight forming a weird, fantastic scene. <stageDirect>FADES OUT</stageDirect></ln>

<ln><sound> NOCTURNAL BACKGROUND <stageDirect>FROGS, CRICKETS, ET CETERA</stageDirect> ... SLOSH OF MOAT WATER</sound></ln>

<ln><speaker>IAN</speaker> <stageDirect>OFF, CALLS</stageDirect> Angus! Bring a lantern over here!</ln>

<ln><speaker>ANGUS</speaker> <stageDirect>OFF</stageDirect> Aye, sir!</ln>

<ln><speaker>IAN</speaker> <stageDirect>OFF</stageDirect> Can you see anything,<mention ref="holmes"> Holmes</mention>?</ln>

<ln><speaker>HOLMES</speaker> <stageDirect>OFF</stageDirect> Not a thing.</ln>

<ln><speaker>HERBERT</speaker> I don't see why your friend doesn't call the police, <mention ref="watson">Dr. Watson</mention>. We're accomplishing nothing. </ln>

<ln><speaker>WATSON</speaker> He thought there might be a chance of finding the old man alive, Mr. Small. He wants to avoid a scandal, if possible -- for your sake, sir, as well as the Dunbars. </ln>

<ln><speaker>HERBERT</speaker> A scandal can't touch me, or Dorothy, over this. Her engagement was never announced, thank heaven. </ln>

<ln><speaker>WATSON</speaker> That's a great pity, sir. I should think some new blood in your family would be a great improvement. </ln>

<ln><speaker>HERBERT</speaker> You're being confoundedly impertinent, doctor! </ln>

<ln><speaker>WATSON</speaker> And you're being confoundedly heartless, sir. </ln>

<ln><sound> SLOSH OF WATER HAS STOPPED DURING ABOVE ... FIRST HOLMES' AND THEN IAN'S STEPS APPROACH IN AGREEMENT WITH FOLLOWING--</sound></ln>

<ln><speaker>WATSON</speaker> Well,<mention ref="holmes"> Holmes</mention>? Have - have you given up hope?</ln>

<ln><speaker>HOLMES</speaker> <stageDirect>APPROACHES) I'm afraid we'll never find him without dragnets and grappling hooks. Have to call the police. What time is it? (NO ANSWER, CALLS</stageDirect> Sir Ian? Do you know the time?</ln>

<ln><speaker>IAN</speaker> <stageDirect>APPROACHES</stageDirect> What did you call me, <mention ref="holmes">Mr. Holmes</mention>?</ln>

<ln><speaker>HOLMES</speaker> Sir Ian.</ln>

<ln><speaker>WATSON</speaker> <stageDirect>REALIZES</stageDirect> By Jove, yes! It does seem a bit premature,<mention ref="holmes"> Holmes</mention>, but of course you're right! If your poor grandfather's dead, Mr. Dunbar, you're the baronet now!</ln>

<ln><speaker>HOLMES</speaker> <stageDirect>POINTEDLY</stageDirect> And the time, Sir Ian?</ln>

<ln><speaker>IAN</speaker> It's - it's a quarter to twelve, <mention ref="holmes">Mr. Holmes</mention>. </ln>

<ln><speaker>HOLMES</speaker> <stageDirect>PLEASED</stageDirect> A quarter of an hour to the new year. Sir Ian, doesn't that fact suggest something to you?</ln>

<ln><speaker>IAN</speaker> <stageDirect>REALIZES) Yes! Yes, it does. So I'm the new baronet, am I? Very well then. (DELIBERATELY</stageDirect> There'll be no more talk of the police for fifteen minutes. I want all of you to come back to the castle with me. As the last chime of midnight rings out, I shall have a statement to make. A statement that I want you all to hear.</ln>

<ln><music>BRIDGE</music></ln>

<ln><sound> MURMUR OF GUESTS ... THEN IN BG, AS HOLMES AND WATSON CHAT</sound></ln>

<ln><speaker>WATSON</speaker> What's he brought us all back here for,<mention ref="holmes"> Holmes</mention>? Something very funny going on. I tell you, I don't like the look of it. </ln>

<ln><speaker>HOLMES</speaker> And I,<mention ref="watson"> Watson</mention>, like the look of it very much. </ln>

<ln><speaker>WATSON</speaker> I wish you wouldn't be so dashed mysterious. What are you up to? You haven't taken a step yet towards finding the murderer.</ln>

<ln><speaker>HOLMES</speaker> Haven't I? [X] And I wonder what causes the beads of perspiration on Mr. Small's brow.</ln>

<ln><speaker>WATSON</speaker> Small? You mean that Small--?</ln>

<ln><speaker>HOLMES</speaker> And I wonder what causes the singular look of apprehension on the face of Murdock, the young lawyer. You remember, of course, on my remarking how easily he carried the large iron box.</ln>

<ln><speaker>WATSON</speaker> <stageDirect>REALIZES</stageDirect> Great Scott, yes. And it took a strong man to throw Sir Walter out of the window!</ln>

<ln><speaker>HOLMES</speaker> Ssh,<mention ref="watson"> Watson</mention>. </ln>

<ln><speaker>WATSON</speaker> Huh?</ln>

<ln><speaker>HOLMES</speaker> The new year is approaching. </ln>

<ln><sound> CLOCK STARTS CHIMING MIDNIGHT ABOVE AT [X] ... NOW FINISHES CHIMING ... GUESTS GROW QUIET</sound></ln>

<ln><speaker>IAN</speaker> <stageDirect>TO ALL</stageDirect> Ladies and gentlemen, in view of our recent tragedy, this is one New Year's Eve when none of us feels like song and jollity. But there still remains a ritual duty for me to perform. Mr. Murdock, open the iron box please.</ln>

<ln><speaker>MURDOCK</speaker> But-- But-- But I can't do that. It was only to be opened for your grandfather.</ln>

<ln><speaker>IAN</speaker> No, Mr. Murdock. The phrase was that it was to be opened on "the New Year's Eve before the baronet's 21st birthday." I am now the baronet, and I shall be twenty-one next year on August 21st. Open the box please, Mr. Murdock.</ln>

<ln><speaker>DOROTHY</speaker> Ian darling, how frightfully clever of you.</ln>

<ln><speaker>HOLMES</speaker> Good lad. I'd hoped he'd think of it.</ln>

<ln><speaker>MURDOCK</speaker> But, Sir Ian-- </ln>

<ln><speaker>IAN</speaker> Murdock, open that box. </ln>

<ln><speaker>MURDOCK</speaker> Very well, Sir Ian. But I'm afraid you're in for something of a shock.</ln>

<ln><sound> BOX UNLOCKED ... CREAKS OPEN SLOWLY</sound></ln>

<ln><speaker>WATSON</speaker> Great Scott! The - the box is empty.</ln>

<ln><sound> GUESTS MURMUR BRIEFLY IN SURPRISE</sound></ln>

<ln><speaker>HOLMES</speaker> Except for a sheet of notepaper in the bottom.</ln>

<ln><speaker>IAN</speaker> What's the meaning of this, Murdock? </ln>

<ln><speaker>MURDOCK</speaker> Read that paper, Sir Ian, and you'll understand.</ln>

<ln><sound> RATTLE OF PAPER </sound></ln>

<ln><speaker>IAN</speaker> <stageDirect>READS, SLOWLY) "I.O.U. - four thousand sovereign." (BRISKLY</stageDirect> And it's signed, "Alexander Murdock, on behalf of Murdock and Murdock, lawyers." You'd better explain this.</ln>

<ln><speaker>MURDOCK</speaker> It's the family skeleton, Sir Ian. That note is signed by my great-grandfather, the one that witnessed the original deed concerning the box. As soon as Sir Walter was born on that February the 29th, my great-grandfather realized the money wouldn't have to be produced for eighty-four years.</ln>

<ln><speaker>IAN</speaker> And so he stole it! </ln>

<ln><speaker>MURDOCK</speaker> He borrowed it! He always intended to pay it back, but he was never able to. When he died he told my father of his secret; and my father in turn told me. We've always planned to put back the money, Sir Ian, but we've never been able to. </ln>

<ln><speaker>HERBERT</speaker> This is daylight robbery! You should prosecute them, Ian! The firm's still in business! You can ruin them! You can sue them for every penny they have!</ln>

<ln><speaker>IAN</speaker> Mr. Small, you've already shown a marked aversion to my family. I suggest you allow me to handle their affairs.</ln>

<ln><speaker>DOROTHY</speaker> Bravo, Ian!</ln>

<ln><speaker>HERBERT</speaker> How dare you, Dorothy? Go to your room!</ln>

<ln><speaker>IAN</speaker> No one's going to their room. No one's leaving here until the police arrive. I'm convinced that one of you murdered my grandfather tonight.</ln>

<ln><speaker>WATSON</speaker> And if you ask me, it's obvious who that someone is.</ln>

<ln><speaker>MURDOCK</speaker> Who, <mention ref="watson">Dr. Watson</mention>?</ln>

<ln><speaker>WATSON</speaker> You, Mr. Murdock. You came here planning to kill poor old Sir Walter because you never intended to open that box. You thought that your secret would die with him.</ln>

<ln><speaker>MURDOCK</speaker> That's a lie! I was going to tell him everything and then ask for time to pay the money. I didn't kill him.</ln>

<ln><speaker>HERBERT</speaker> Of course he didn't! There's your murderer! You yourself, Ian.</ln>

<ln><speaker>DOROTHY</speaker> Father, what are you saying?</ln>

<ln><speaker>HERBERT</speaker> I'm saying that Ian's the murderer. He saw that the box wasn't going to be open for another four years. He realized that without the money he couldn't marry Dorothy, so he killed his grandfather and then ordered the box opened. </ln>

<ln><speaker>IAN</speaker> You're trying to cover yourself! You pushed grandfather out of that window tonight. You thought that if he died, the box would never be opened, so Dorothy couldn't marry me! </ln>

<ln><speaker>HERBERT</speaker> <stageDirect>SPUTTERS WITH ANGER</stageDirect> You--! You--!</ln>

<ln><speaker>HOLMES</speaker> <stageDirect>CALM</stageDirect> Gentlemen, gentlemen, please.</ln>

<ln><speaker>WATSON</speaker> Upon my soul,<mention ref="holmes"> Holmes</mention>. You seem remarkably calm. </ln>

<ln><speaker>HOLMES</speaker> Do I, my dear<mention ref="watson"> Watson</mention>? I must say, I am absolutely fascinated by listening to three people accusing each other of murder -- and each of them producing perfectly sound motives. It's a remarkable example of the dangers of reasoning from motive alone. We should profit by experience,<mention ref="watson"> Watson</mention>. </ln>

<ln><speaker>DOROTHY</speaker> <mention ref="holmes">Mr. Holmes</mention>, how can you be so calm? There's a murderer in this room!</ln>

<ln><speaker>HOLMES</speaker> I suppose this game of charades is getting a little out of hand, Miss Small. Let's conclude it. <stageDirect>CALLS</stageDirect> You'd better come out now!</ln>

<ln><sound> TAPESTRY DRAWN BACK ON CURTAIN ROD</sound></ln>

<ln><speaker>DOROTHY</speaker> <stageDirect>GASPS</stageDirect> That tapestry! It's moving!</ln>

<ln><sound> WALTER'S STEPS IN</sound></ln>

<ln><speaker>WALTER</speaker> A happy New Year to ye all!</ln>

<ln><speaker>IAN</speaker> <stageDirect>SURPRISED</stageDirect> Grandfather!</ln>

<ln><speaker>WATSON</speaker> Sir Walter! Or am I seeing a ghost?</ln>

<ln><speaker>DOROTHY</speaker> <stageDirect>RELIEVED</stageDirect> Oh, Sir Walter, you're all right!</ln>

<ln><speaker>HERBERT</speaker> What kind of a game have you been playing? </ln>

<ln><speaker>WALTER</speaker> 'Tis a bonny game that<mention ref="holmes"> Holmes</mention> and I invented. You might call it "Forcing the Issue." I was determined to have the box open before the next four years were out, whilst I was still alive to look inside it. But the trickery of your family, Murdock, has made me a very unhappy man.</ln>

<ln><speaker>MURDOCK</speaker> Sir Walter, I shall pay back the money in a few years, I swear I will! </ln>

<ln><speaker>WALTER</speaker> It'll be too late to do me any good, but I'll take care that Ian gets it. I have half a mind to prosecute ye!</ln>

<ln><speaker>IAN</speaker> <stageDirect>WARMLY</stageDirect> Grandfather, the money isn't important now that you're all right.</ln>

<ln><speaker>WALTER</speaker> Ah, you were counting on it just the same, my boy, so that you could marry Dorothy. I know that.</ln>

<ln><speaker>HERBERT</speaker> Ah, she'll never marry a pauper! I won't allow it!</ln>

<ln><speaker>DOROTHY</speaker> When I'm twenty-one you can't stop me, father -- and I am going to marry Ian. </ln>

<ln><speaker>HERBERT</speaker> Be quiet! <stageDirect>TO WALTER</stageDirect> Sir Walter?! It's a very unsavory business! I think that you owe us an explanation of your behavior tonight.</ln>

<ln><speaker>WALTER</speaker> You tell him,<mention ref="holmes"> Holmes</mention>. I fancy a wee drop of Creme of Dunbar. Watching you all search for my body in the moat has made me thirsty!</ln>

<ln><speaker>HOLMES</speaker> <stageDirect>CHUCKLES</stageDirect> The explanation is a very simple one, ladies and gentlemen. When you arrived here tonight, Mr. Murdock, I knew from the way you handled the box that it could not contain the sum of gold it was supposed to.</ln>

<ln><speaker>WATSON</speaker> And so you - you suspected fraud and devised a plan to force the opening of the box, eh?</ln>

<ln><speaker>HOLMES</speaker> Yes, and Sir Walter was an eager conspirator. </ln>

<ln><speaker>WALTER</speaker> Of course I was! Ian is twenty-one next August. Supposing - supposing I had died off ere he came of age and before my next birthday four years hence. The box would never have been opened.</ln>

<ln><speaker>HOLMES</speaker> And so we invented the fake murder story. By the way, Ian, I must congratulate you for grasping the possibilities of the situation so speedily. If you hadn't demanded the opening of the box, the Murdock secret might still be a secret. </ln>

<ln><speaker>WATSON</speaker> Hm, it was a clever plan,<mention ref="holmes"> Holmes</mention>. Too bad that it had to have such a miserable ending. </ln>

<ln><speaker>HOLMES</speaker> I'm not sure that we have finished with the matter. Mr. Murdock?</ln>

<ln><speaker>MURDOCK</speaker> Yes, <mention ref="holmes">Mr. Holmes</mention>? </ln>

<ln><speaker>HOLMES</speaker> You say that your family took four thousand pounds from that box?</ln>

<ln><speaker>MURDOCK</speaker> Yes, <mention ref="holmes">Mr. Holmes</mention>. </ln>

<ln><speaker>HOLMES</speaker> Curious. I would have sworn from its size that it would hold closer to five thousand. And in your account of the legend,<mention ref="watson"> Watson</mention>, you told me that Sir Thomas Dunbar stated on his deathbed that he had put something else in the box.</ln>

<ln><speaker>WATSON</speaker> Yes, yes, yes.</ln>

<ln><speaker>HOLMES</speaker> Something for a rainy day, is that it?</ln>

<ln><speaker>WATSON</speaker> Yes. Mm-hmm. </ln>

<ln><speaker>HOLMES</speaker> Did the Murdocks find that extra something?</ln>

<ln><speaker>MURDOCK</speaker> No, <mention ref="holmes">Mr. Holmes</mention>. They found nothing but the gold. </ln>

<ln><speaker>HOLMES</speaker> Now that's very odd. <stageDirect>MOVING OFF</stageDirect> I think I'll take a closer look at that box, if you don't mind.</ln>

<ln><sound> HOLMES' STEPS AWAY TO BOX</sound></ln>

<ln><speaker>DOROTHY</speaker> Since this seems to be a night of telling secrets, I think you might as well know, father, that if you don't give your consent, I shall elope with Ian.</ln>

<ln><speaker>WATSON</speaker> Oh, bravo, my dear, bravo!</ln>

<ln><speaker>HERBERT</speaker> You'll do no such thing!</ln>

<ln><sound> HOLMES' STEPS RETURN</sound></ln>

<ln><speaker>HOLMES</speaker> <stageDirect>APPROACHES</stageDirect> I admire your resolution, young lady, but I hardly think it will be necessary.</ln>

<ln><speaker>WATSON</speaker> What do you mean,<mention ref="holmes"> Holmes</mention>? </ln>

<ln><speaker>HOLMES</speaker> Permit me to show you all the treasure of the Dunbars. </ln>

<ln><speaker>WALTER</speaker> What have you found,<mention ref="holmes"> Holmes</mention>?</ln>

<ln><speaker>HOLMES</speaker> <lineGp><line>The "something for a rainy day" that old Sir Thomas spoke of. You see, since the</line>
<line>cubic contents of the box obviously differed from my calculations, I deduced the existence of a false bottom. I was correct. And in that space I found -- this!</line></lineGp></ln>

<ln><sound> MANUSCRIPT PLACED ON TABLE</sound></ln>

<ln><speaker>WATSON</speaker> A manuscript? </ln>

<ln><speaker>HOLMES</speaker> Quite so. The manuscript of a book. Look at the title page and see the author's name.</ln>

<ln><speaker>WATSON</speaker> <stageDirect>READS) "History of the Dunbar Family--" (SHOCKED</stageDirect> "By Sir Walter Scott"?!</ln>

<ln><sound> ALL BUT HOLMES AND WATSON GASP AND MURMUR WITH SURPRISE</sound></ln>

<ln><speaker>HOLMES</speaker> I think, Sir Walter, that an original and unpublished manuscript by your distinguished namesake will prove worth several times the gold that is missing from that box. </ln>

<ln><speaker>WALTER</speaker> You've saved the day for us,<mention ref="holmes"> Holmes</mention> my boy! God bless ye! Ach! Oh, this has been as strange a new year as ever I knew, but it's turned out to be a bonny one, thanks to you,<mention ref="holmes"> Holmes</mention>. <stageDirect>TO ALL</stageDirect> Well, fill up your glasses! We're going to drink a toast to the new year! </ln>

<ln><speaker>WATSON</speaker> By Jove, yes, Sir Walter! This is really a happy occasion. </ln>

<ln><speaker>HOLMES</speaker> Then let's complete it -- by singing the traditional song of the season, "Auld Lang Syne." And in this case, when we sing "Should auld acquaintance be forgot," I feel that in, our hearts, we should be thinking of Sir Walter Scott. Though he died over sixty years ago, he's made us all very happy here tonight.</ln>

<ln><speaker>WALTER</speaker> Aye!</ln>

<ln><sound> CAST MURMURS AGREEMENT AND SINGS THE OPENING OF THE SONG ("Should auld acquaintance be forgot, and never brought to mind?")</sound></ln>

<ln><music>PICKS UP THE MELODY, TOPS THE SINGERS, AND FINISHES THE STANZA FOR A CURTAIN</music></ln>

<ln><speaker>ANNOUNCER</speaker> Well, doctor, that turned out to be a very happy New Year for all concerned. </ln>

<ln><speaker>WATSON</speaker> Yes, that's one New Year that I'll never forget. </ln>

<ln><speaker>ANNOUNCER</speaker> Well, I sure hope you'll always remember this one, too.</ln>

<ln><speaker>WATSON</speaker> Oh, just a second, my boy. That calls for a glass of port!</ln>

<ln><speaker>ANNOUNCER</speaker> Fine.</ln>

<ln><sound> BOTTLE ON GLASS ... WINE POURED</sound></ln>

<ln><speaker>WATSON</speaker> Well, to a-- To a happy new year, my boy -- for you, and for our many friends listening in. </ln>

<ln><speaker>ANNOUNCER</speaker> And to you, doctor.</ln>

<ln><speaker>WATSON</speaker> Thanks, my boy.</ln>

<ln><sound> GLASSES CLINK AND THEY DRINK</sound></ln>

<ln><speaker>ANNOUNCER</speaker> Ahhhh, that's good. Doctor, this has indeed been a pleasant association for me.</ln>

<ln><speaker>WATSON</speaker> Oh, I'm glad to hear it.</ln>

<ln><speaker>ANNOUNCER</speaker> You're the best storyteller I've ever known and the Petri family makes the best wine I've ever tasted.</ln>

<ln><speaker>WATSON</speaker> Oh, really? <stageDirect>CHUCKLES</stageDirect></ln>

<ln><speaker>ANNOUNCER</speaker> I hope that, just as they've been making wine for generations in the past, the Petri family will continue to make fine wine in the future. </ln>

<ln><speaker>WATSON</speaker> Well, Mr. Bartell, I know that you will always be here to tell us just how good that Petri wine is! <stageDirect>CHUCKLES</stageDirect></ln>

<ln><speaker>ANNOUNCER</speaker> Well, I hope so, doctor. And I hope you'll always be right here beside me to tell another swell story about <mention ref="holmes">Mr. Holmes</mention>.</ln>

<ln><speaker>WATSON</speaker> Well, I hope so, too, my boy.</ln>

<ln><speaker>ANNOUNCER</speaker> Oh, and incidentally, doctor -- what new adventure are you planning to tell us next week?</ln>

<ln><speaker>WATSON</speaker> Next week, Mr. Bartell, I'm going to tell you a weird story. It starts with a series of murders on Hampstead Heath -- and ends with a battle to the death in a burning waxworks. I call it "The Strange Case of the Murderer in Wax." </ln>

<ln><music>THEME ... THEN IN BG</music></ln>

<ln><speaker>ANNOUNCER</speaker> <lineGp><line>Tonight's <mention ref="holmes">Sherlock Holmes</mention> adventure was written by Denis Green and Anthony Boucher and was suggested by an incident in the Sir Arthur Conan Doyle story "The Silver Blaze." Music is by Dean Fosler. Mr. Rathbone appeared through the courtesy of Metro-Goldwyn-Mayer and Mr. Bruce through the courtesy of Universal Pictures where they are now starring in the SHERLOCK HOLMES series.</line>

<line>The Petri Wine Company of San Francisco, California, invites you to tune in again next week, same time, same station. SHERLOCK HOLMES comes to you from our Hollywood studios.</line>

<line>This is Harry Bartell, saying good night for the Petri Family!</line></lineGp></ln>

<ln><music>OUT</music></ln>

<ln><speaker>ANNOUNCER</speaker> For a solid hour of exciting mystery dramas, listen every Monday on most of these same stations at eight o'clock to MICHAEL SHAYNE followed immediately by SHERLOCK HOLMES. This is the Mutual Broadcasting System.</ln></script></xml>