<?xml-model href="../sherlock.rnc" type="application/relax-ng-compact-syntax"?>
<xml>
 <metadata>
  <series>Series: Sherlock Holmes</series>
  <show>Show: The Musgrave Ritual</show>
  <date when="1939-12-11">Date: Dec 11 1939</date>
  <note>Script courtesy of Ted Meland and Radio Active</note>

  <FXlist>Sound Effects <fx>Violin Playing</fx>
   <fx>Footsteps</fx>
   <fx>Door opens/closes</fx>
   <fx>Door opens</fx>
   <fx>Trunk pulled across floor and set down</fx>
   <fx>Box unlocked</fx>
   <fx>Lid slides open</fx>
   <fx>Footsteps</fx>
   <fx>Footsteps -- receding</fx>
   <fx>Footsteps -- approaching</fx>
   <fx>Drawer Opens</fx>
   <fx>Quick footsteps</fx>
   <fx>Slosh of water</fx>
   <fx>Tinkling metal</fx>
   <fx>Door creaks</fx>
   <fx>Footsteps</fx>
   <fx>Tapping on stone</fx>
   <fx>Scrape of stone</fx>
   <fx>Squeaky hinges</fx>
   <fx>Thud</fx>
   <fx>Jump on floor</fx>
   <fx>Box scrapes on floor</fx>
   <fx>Wind</fx>
   <fx>Door Closes</fx>
   <fx>Lantern opens</fx>
   <fx>Lantern closes</fx>
   <fx>Footsteps</fx>
   <fx>Squeaky hinges</fx>
   <fx>Thud</fx>
   <fx>Dropping onto floor</fx>
   <fx>Box opening</fx>
   <fx>Slam of stone slab</fx></FXlist>

  <castList>Cast of Characters (in order of appearance) <cast xml:id="manning">Knox Manning</cast>
   <cast xml:id="watson">Dr. Watson</cast>
   <cast xml:id="holmes">Sherlock Holmes</cast>
   <cast xml:id="musgrave">Reginald Musgrave</cast>
   <cast xml:id="alfred">Alfred (butler)</cast>
   <cast xml:id="brunton">Brunton</cast>
   <cast xml:id="howells">Rachel Howells</cast>
   <cast xml:id="man">Man</cast></castList>

 </metadata>
 <script>
  <ln>
   <music>CHORD</music>
  </ln>

  <ln><speaker>MANNING</speaker>AThe Adventures of <mention ref="holmes">Sherlock Holmes</mention>,"
   starring Basil Rathbone and Nigel Bruce</ln>

  <ln>
   <music>SIGNATURE MUSIC-- "MARCH OF THE ANCESTORS" <stageDirect>BASED ON A THEME FROM RUDDIGORE BY
     GILBERT AND SULLIVAN.</stageDirect> FADES</music>
  </ln>

  <ln><speaker>MANNING</speaker>The makers or Bromo Quinine Cold Tablets bring you another adventure
   of <mention ref="holmes">Sherlock Holmes</mention>, with Basil Rathbone as <mention ref="holmes"
    >Sherlock Holmes</mention> and Nigel Bruce as <mention ref="watson">Doctor
   Watson</mention>.</ln>

  <ln>
   <stageDirect>Pause</stageDirect>
  </ln>

  <ln> When you are threatened with a cold remember this: Bromo Quinine tablets are made expressly
   for the relief of colds. They are not a cure-all. They are made for one thing and one thing only
   and that is the relief of colds. Isn't it better to take a preparation that has only one use
   rather than one that has half a dozen uses? Insure yourself the advantages of specialized
   medication. When you feel a cold coming on, take Bromo Quinine tablets.</ln>

  <ln>
   <stageDirect>Pause</stageDirect>
  </ln>

  <ln>And now, here we are, seated once more in <mention ref="watson">Doctor Watson</mention>'s
   study. The good doctor is wandering aimlessly about the room - tidying objects on his desk -
   straightening a row of books. Well, Dr. <mention ref="watson"> Watson</mention> - you certainly
   have a passion for law and order.</ln>

  <ln><speaker>WATSON</speaker>A place for everything, and everything in it, place, I always say. I
   do hate a mess.<mention ref="holmes"> Holmes</mention> on the contrary was one of the untidiest
   men that ever drove a fellow lodger to desperation. When I find a man who keeps his cigars in the
   coal scuttle -- his tobacco in the end of a Persian slipper -- and his unanswered correspondence
   transfixed by a jack-knife in the very center of the wooden mantelpiece, then I begin to give
   myself virtuous airs.</ln>

  <ln><speaker>MANNING</speaker><stageDirect>Laughs</stageDirect> And or course that annoyed
    <mention ref="holmes">Sherlock Holmes</mention>. </ln>

  <ln><speaker>WATSON</speaker>He never even noticed it. Well, now let me see - last time I think I
   promised that this week's story would be the "The Musgrave Ritual."</ln>

  <ln><speaker>MANNING</speaker>"The Musgrave Ritual" -- what was that? </ln>

  <ln><speaker>WATSON</speaker>Patience, Mr. Manning - patience. Well, as I was saying,<mention
    ref="holmes"> Holmes</mention> was very untidy. Our chambers were always full of chemicals and
   criminal relics -- but his papers were my greatest trial. He had a horror of destroying
   documents. Once a year or so, I would browbeat him into docketing and cataloguing them. One
   winter night, as we sat together by the fire --<mention ref="holmes"> Holmes</mention> playing
   casual chords on his violin -- I ventured to suggest that he might spend his time more profitably
   by making our sitting room a little more habitable.</ln>

  <ln>
   <music>VIOLIN ONLY</music>
  </ln>

  <ln><speaker>WATSON</speaker>I say,<mention ref="holmes"> Holmes</mention> -- I wish you'd stop
   that caterwauling.</ln>

  <ln><speaker>HOLMES</speaker>Hmpf!</ln>

  <ln>
   <music>VIOLIN CONTINUES</music>
  </ln>

  <ln><speaker>WATSON</speaker>Oh -- stop that racket -- why don=t you do something worth while --
   instead of lolling around like that?</ln>

  <ln>VIOLIN STOPS</ln>

  <ln><speaker>HOLMES</speaker>For instance ?</ln>

  <ln><speaker>WATSON</speaker>Well -- ah - -well you could straighten up this room. It looks more
   like a pig sty every day.</ln>

  <ln><speaker>HOLMES</speaker>Oh, very well - (yawns)</ln>

  <ln>
   <sound>FOOTSTEPS FADING </sound>
  </ln>


  <ln>WATSON : Now where are you going?</ln>

  <ln>
   <sound>DOOR OPENS AND SLAMS</sound>
  </ln>

  <ln><speaker>WATSON</speaker>Look at the place - papers on the table - papers on the</ln>

  <ln>floor - papers on all the chairs -- papers ...</ln>

  <ln>
   <sound>DOOR OPENS</sound>
  </ln>

  <ln>
   <sound>TRUNK PULLED ACROSS THE FLOOR AND SET DOWN WITH A THUD</sound>
  </ln>

  <ln><speaker>WATSON</speaker>What are you doing<mention ref="holmes"> Holmes</mention> - pulling
   that large tin box in here?</ln>

  <ln><speaker>HOLMES</speaker>House cleaning -- the key? Oh yes...</ln>

  <ln>
   <sound>BOX UNLOCKED</sound>
  </ln>

  <ln><speaker>WATSON</speaker>What have you got in there?</ln>

  <ln><speaker>HOLMES</speaker>Cases - records of some of my earlier cases -- done -- ah --
   prematurely. <stageDirect>Laughs</stageDirect> -- before I had such a competent biographer. I
   think if you knew what I had in this box, you'd ask me to pull some out, instead of putting
   others in. </ln>

  <ln><speaker>WATSON</speaker>It's no use,<mention ref="holmes"> Holmes</mention> - you can't get
   'round me like that. You might just as well begin putting your stuff away.</ln>

  <ln><speaker>HOLMES</speaker>Hmm -- here=s the record of the Tarleton murders...the case of
   Varnberry --</ln>

  <ln><speaker>WATSON</speaker>Hmph --</ln>

  <ln><speaker>HOLMES</speaker>The adventure of the Russian woman - and the singular affair of the
   aluminum crutch.</ln>

  <ln><speaker>WATSON</speaker>Aluminum crutch?</ln>

  <ln><speaker>HOLMES</speaker>Yes -- a most amazing story -- it was one April day -- the rain was
   coming down in torrents...</ln>

  <ln><speaker>WATSON</speaker>I'm not interested.</ln>

  <ln><speaker>HOLMES</speaker>Heigh ho -- well, I suppose I'd best get to work. Ah -- here -- now
   here really is something a little recherche. </ln>

  <ln><speaker>WATSON</speaker>Bah - it=s nothing but a wooden box with a sliding lid.</ln>

  <ln><speaker>HOLMES</speaker>But look inside - look inside. </ln>

  <ln>
   <sound><special nt="FX mispelled as FC"/>LID SLIDES OPEN</sound>
  </ln>

  <ln><speaker>WATSON</speaker>Hmmm - a crumpled piece of paper - with some doggerel written on it -
   an old fashioned brass key - a peg of wood with a ball of string attached, and three rusty old
   discs of metal -- not very impressive.</ln>

  <ln><speaker>HOLMES</speaker>Well -- what do you make of it?</ln>

  <ln><speaker>WATSON</speaker>It's a strange collection.</ln>

  <ln><speaker>HOLMES</speaker>And there is a stranger story connected with it.</ln>

  <ln><speaker>WATSON</speaker>Hmph -- I suspected these relics had a history.</ln>

  <ln><speaker>HOLMES</speaker>They are history, my dear<mention ref="watson"> Watson</mention> -
   they are history.</ln>

  <ln><speaker>WATSON</speaker>What was it about?</ln>

  <ln><speaker>HOLMES</speaker>These are all I have left to remind me of the Musgrave Ritual -
   fascinating </ln>

  <ln>case -- fascinating. Heigh ho -- well, I guess I'd better be getting on with my work.</ln>

  <ln><speaker>WATSON</speaker>Er- - what was the Musgrave Ritual?</ln>

  <ln><speaker>HOLMES</speaker>You want to interrupt my labors with a silly story -- dear, dear --
   and leave all this litter as it is reprehensible, my dear<mention ref="watson"> Watson</mention>
   - thoroughly reprehensible.</ln>

  <ln><speaker>WATSON</speaker>Oh -- get on with the story.</ln>

  <ln><speaker>HOLMES</speaker>Very well -- it was one of my first cases -- when I was making a most
   precarious living out of my sleuthing. It had to do with Reginald Musgrave -- a scion of one of
   the oldest families in the Kingdom. Well, I hadn't seen Reginald Musgrave for several years --
   until one morning I received a note from him. Here it is.</ln>

  <ln><speaker>WATSON</speaker><stageDirect>Reads</stageDirect> "My dear Sherlock: I hear that you
   are turning to practical ends these powers with which you used to analyze us. Could you spare
   time to visit us at Hurlstone? I can promise you a problem which will tax even your nimble wits.
   Hopefully yours, Reggie Musgrave."</ln>

  <ln><speaker>HOLMES</speaker>You can imagine my eagerness. In my innermost heart, I believed that
   I could succeed where others had failed. </ln>

  <ln><speaker>WATSON</speaker>Conceit.</ln>

  <ln><speaker>HOLMES<special nt="; used instead of :"/></speaker> Don't interrupt,<mention
    ref="watson"> Watson</mention>, don't interrupt. Well, late that night -- I arrived at Hurlstone
   -- to find myself enthusiastically greeted by mine host.</ln>

  <ln>
   <music>BRIDGE TO NEXT SCENE</music>
  </ln>

  <ln><speaker>MUSGRAVE</speaker>Well,<mention ref="holmes"> Holmes</mention> -- delighted to see
   you, my dear fellow. It's awfully good of you to come. You've gotten taller and thinner than
   ever.</ln>

  <ln><speaker>HOLMES</speaker>You=re much the same I should say, Musgrave. </ln>

  <ln><speaker>MUSGRAVE</speaker>Alfred, carry <mention ref="holmes">Mr. Holmes</mention>= bags up
   to his room. </ln>

  <ln><speaker>ALFRED</speaker>Yes sir --</ln>

  <ln><speaker>HOLMES</speaker>Your -- ah - butler is new at his job, isn't he? </ln>

  <ln><speaker>MUSGRAVE</speaker>Yes -- but how did you know?</ln>

  <ln><speaker>HOLMES</speaker>His uniform is rather a bad fit -- and his legs are- better suited to
   the stable yard than the drawing room. </ln>

  <ln><speaker>MUSGRAVE</speaker>Well, as a matter of fact -- he's just been promoted to his post.
   He used to be the head coachman. It's about Brunton -- our old butler -- that I wanted to see
   you. </ln>

  <ln><speaker>HOLMES</speaker>What about him?</ln>

  <ln><speaker>MUSGRAVE</speaker>He's disappeared.</ln>

  <ln><speaker>HOLMES</speaker>Brunton's disappeared, eh? Seems to me I've heard you mention his
   name before.</ln>

  <ln><speaker>MUSGRAVE</speaker>I dare say you have. He's been in service here for nearly twenty
   years -- although he's barely forty, now. </ln>

  <ln><speaker>HOLMES</speaker>Rather unusual.</ln>

  <ln><speaker>MUSGRAVE</speaker>Yes. He was a young school teacher out of a place when he was first
   taken up by my father. He was a man of great ability -- handsome, spoke several languages, and
   played every musical instrument. A paragon -- Brunton had only one fault.</ln>

  <ln><speaker>HOLMES</speaker>Yes?</ln>

  <ln><speaker>MUSGRAVE</speaker>He was a bit of a Don Juan -- a few months ago, we were in hope
   that he was about to settle down for he became engaged to Rachel Howells, our second maid.</ln>

  <ln><speaker>HOLMES</speaker>Well?</ln>

  <ln><speaker>MUSGRAVE</speaker>Well, he has since thrown her over, and taken up with the daughter
   of the head gamekeeper.</ln>

  <ln><speaker>HOLMES</speaker>And what was this girl - ah - Rachel like? </ln>

  <ln><speaker>MUSGRAVE</speaker>Rachel is a very good girl - but of an excitable Welsh temperament
   - she had a touch of brain fever -- subsequent to the smashup of her romance. I'm really rather
   worried about the girl.</ln>

  <ln><speaker>HOLMES</speaker>Yes, but look here, Musgrave -- you haven=t brought me all the way
   from London to discuss a servant girl's love affairs?</ln>

  <ln><speaker>MUSGRAVE</speaker>That was our first drama at Hurlstone, and quite a tempest in a
   teapot it was, you know what country houses are like. But a second one came to drive it from our
   minds -- and it was prefaced by the disgrace and dismissal of the butler, Brunton.</ln>

  <ln><speaker>HOLMES</speaker>Dismissal?</ln>

  <ln><speaker>MUSGRAVE</speaker>One night last week -- Thursday to be exact, I found that I
   couldn't sleep -- you know how it is. Well, at two o'clock I rose and lit a candle, intending to
   get a novel I had been reading in the library. I pulled on my dressing gown and started down the
   stairs. Imagine my surprise when, looking down the corridor I saw a glimmer of light coming from
   the library door. My first thought was of burglars... Luckily our corridors are liberally
   decorated with trophies and old weapon. I seized a battle axe in either hand and tiptoed down the
   passage to the library door.</ln>

  <ln>
   <music>BRIEF BRIDGE TO NEXT SCENE</music>
  </ln>

  <ln><speaker>MUSGRAVE</speaker>Don't move -- if you value your life.</ln>

  <ln><speaker>BRUNTON</speaker>Oh, sir --</ln>

  <ln><speaker>MUSGRAVE</speaker>Why -- why -- God bless me - it's Brunton! What are you doing down
   here in the middle of the night?</ln>

  <ln><speaker>BRUNTON</speaker>Well, you see sir -- I --</ln>

  <ln><speaker>MUSGRAVE</speaker>And my desk has been broken into - and my private papers strewn on
   the table -- what do you mean by going through my private papers? You scoundrel -- after the
   trust we=ve had in you.</ln>

  <ln><speaker>BRUNTON</speaker>Well, sir -- I meant no harm.</ln>

  <ln><speaker>MUSGRAVE</speaker>The impudence -- the rank impudence. Brunton -- you will leave my
   service tomorrow.</ln>

  <ln><speaker>BRUNTON</speaker>Oh, Mr. Musgrave, sir -- I can't bear the disgrace. I've always been
   proud about my station in life.</ln>

  <ln><speaker>MUSGRAVE</speaker>Yes, and look what it has led you into!</ln>

  <ln><speaker>BRUNTON</speaker>The disgrace will kill me. At least let me give you notice, and
   leave in a month's time - as if it was of my own free will.</ln>

  <ln><speaker>MUSGRAVE</speaker>Very well - but a month is too long. Take yourself off in a week -
   and give what reasons you wish for going. </ln>

  <ln><speaker>BRUNTON</speaker>Only a week? Oh no -- a fortnight -- at least say a fortnight.</ln>

  <ln><speaker>MUSGRAVE</speaker>A week -- and you've been let off very lightly. Now put down that
   paper you have in your hand, and get out.</ln>

  <ln>
   <music>BRIDGE TO NEXT SCENE</music>
  </ln>

  <ln><speaker>HOLMES</speaker>And after that little set-to -- you were too annoyed to sleep -- eh,
   Musgrave?</ln>

  <ln><speaker>MUSGRAVE</speaker>Well, as a matter of fact -- I did spend the rest of the night
   thinking of things I should have said to the fellow -- however, by morning I had calmed down
   somewhat.</ln>

  <ln><speaker>HOLMES</speaker>And Brunton?</ln>

  <ln><speaker>MUSGRAVE</speaker>For two days afterwards, Brunton was most assiduous in his
   attention to his duties. On the third day, he was gone. </ln>

  <ln><speaker>HOLMES</speaker>Gone? Gone where?</ln>

  <ln><speaker>MUSGRAVE</speaker>Deuce take it -- that's what I would like to know. His bed had not
   been slept in -- but all our windows and doors were found locked on the inside and no one had let
   him out.</ln>


  <ln><speaker>HOLMES</speaker>Did you question this girl -- ah -- Rachel?</ln>

  <ln><speaker>MUSGRAVE</speaker>Yes -- she's been very ill ever since his disappearance --
   sometimes hysterical. I had to have a nurse to sit up with her at night.</ln>

  <ln><speaker>HOLMES</speaker>What was the condition of Brunton's room -- after the
   disappearance?</ln>

  <ln><speaker>MUSGRAVE</speaker>Very orderly -- as usual. His clothes -- his watch -- even his
   money were in the room, but the black suit he usually wore was missing. His slippers, too were
   gone -- but not his boots.</ln>

  <ln><speaker>HOLMES</speaker>Enlightening -- most enlightening. And what was the paper he had in
   his hand when you surprised him in the library? </ln>

  <ln><speaker>MUSGRAVE</speaker>It was the Musgrave Ritual.</ln>

  <ln><speaker>HOLMES</speaker>The Musgrave Ritual? What is that?</ln>

  <ln><speaker>MUSGRAVE</speaker>Oh rather an absurd business. It has only it's antiquity to excuse
   it. It's a strange sort of catechism which each Musgrave must answer when he becomes of age.</ln>

  <ln><speaker>HOLMES</speaker>Could I see it?</ln>

  <ln><speaker>MUSGRAVE</speaker>Certainly -- certainly. It's in the library -- come this way.</ln>

  <ln>
   <sound>FOOTSTEPS</sound>
  </ln>

  <ln><speaker>HOLMES</speaker>Hmm -- this old hall is rather impressive with all its armor and
   weapons. Wait! I fancy I heard someone on the stairs -- someone on tiptoe.</ln>

  <ln><speaker>MUSGRAVE</speaker>I'll run up and have a look. </ln>

  <ln>
   <sound>STEPS UP STAIRS, RECEDING</sound>
  </ln>

  <ln><speaker>HOLMES</speaker>Be careful -- my dear fellow -- be careful. </ln>

  <ln><speaker>MUSGRAVE</speaker><stageDirect>In distance</stageDirect> No -- there's no one
   here.</ln>

  <ln><speaker>HOLMES</speaker>Strange -- I would have sworn I heard footsteps.</ln>

  <ln>
   <sound>STEPS DOWN STAIRS, APPROACHING</sound>
  </ln>

  <ln><speaker>MUSGRAVE</speaker>Must have been the old stairs creaking. This is the library and
   this is the desk where I keep my private papers. </ln>

  <ln><speaker>HOLMES</speaker>How private? I mean -- is there anything there that would benefit
   anyone else?</ln>

  <ln><speaker>MUSGRAVE</speaker>Good heavens - no.</ln>

  <ln><speaker>HOLMES</speaker>Nothing that might lead to blackmail?</ln>

  <ln><speaker>MUSGRAVE</speaker><stageDirect>Laughs</stageDirect> No -- sorry to disappoint you,
    <mention ref="holmes"> Holmes</mention>. But I've led a very tame and uninteresting life.</ln>

  <ln><speaker>HOLMES</speaker><stageDirect>Laughs</stageDirect> I see one of the drawers was broken
   into -- very amateurish -- I'm afraid Brunton had very little experience</ln>

  <ln><speaker>MUSGRAVE</speaker>Yes - that lock is completely damaged. I've moved everything to
   this side of the desk. Just a minute till I find my key. Ah -- yes --</ln>

  <ln>
   <sound>DRAWER OPENS</sound>
  </ln>

  <ln><speaker>MUSGRAVE</speaker>And here is the Musgrave Ritual.</ln>

  <ln><speaker>HOLMES</speaker>Hmm -- curious old writing -- it dates back to -- ah -- Charles the
   First I should say. You can tell by the spelling. </ln>

  <ln><speaker>MUSGRAVE</speaker>Probably Charles the Second -- my ancestor Ralph Musgrave was a
   prominent cavalier and right hand man in Charles' wanderings. They went in for rigamarolle of
   this sort in those days. It's just a series of questions and answers. Probably the bywords of a
   secret society.</ln>

  <ln><speaker>HOLMES</speaker>You know the answers by heart, I take it. </ln>

  <ln><speaker>MUSGRAVE</speaker>Yes -- it's something every Musgrave has to learn.</ln>

  <ln><speaker>HOLMES</speaker>Suppose I read off the questions -- and you give me the answers.</ln>

  <ln><speaker>MUSGRAVE</speaker>Fire away -- you can't trip me up there. </ln>

  <ln><speaker>HOLMES</speaker>All right -- here goes. Whose was it? </ln>

  <ln><speaker>MUSGRAVE</speaker>His who is gone.</ln>

  <ln><speaker>HOLMES</speaker>Who shall have it? </ln>

  <ln><speaker>MUSGRAVE</speaker>He who will come. </ln>

  <ln><speaker>HOLMES</speaker>Where was the sun? </ln>

  <ln><speaker>MUSGRAVE</speaker>Over the oak. </ln>

  <ln><speaker>HOLMES</speaker>Where was the shadow? </ln>

  <ln><speaker>MUSGRAVE</speaker>Under the Elm.</ln>


  <ln><speaker>HOLMES</speaker>How was it stepped?</ln>

  <ln><speaker>MUSGRAVE</speaker>North by ten - and by ten - east by five, and by five -south by
   two, and by two - west by one, and by one - and so under.</ln>

  <ln><speaker>HOLMES</speaker>What shall we give for it?</ln>

  <ln><speaker>MUSGRAVE</speaker>All that is ours.</ln>

  <ln><speaker>HOLMES</speaker>Why should we give it?</ln>

  <ln><speaker>MUSGRAVE</speaker>For the sake of the trust. As you can see,<mention ref="holmes">
    Holmes</mention> -- the paper has no practical importance.</ln>

  <ln><speaker>HOLMES</speaker>On the contrary, it has tremendous practical importance. Your butler
   seems to have been a very clever fellow. He has had more insight than ten generations of his
   masters.</ln>

  <ln><speaker>MUSGRAVE</speaker>I say,<mention ref="holmes"> Holmes</mention> --</ln>

  <ln><speaker>HOLMES</speaker>The oak I take it is the one that stands here -- to the east of the
   house. I noticed it as I drove up.</ln>

  <ln><speaker>MUSGRAVE</speaker>That's right -- you can see it from this window.</ln>

  <ln><speaker>HOLMES</speaker>Yes -- quite a patriarch.</ln>

  <ln><speaker>MUSGRAVE</speaker>It must have been here when the ritual was drawn up.</ln>

  <ln><speaker>HOLMES</speaker>It was there at the Norman Conquest in all probability. Listen! There
   is someone in the hall outside -- eavesdropping. I'm sure of it this time.</ln>

  <ln><speaker>MUSGRAVE<special nt="; used instead of :"/></speaker>I'll soon find --</ln>

  <ln>
   <sound>QUICK FOOTSTEPS</sound>
  </ln>

  <ln><speaker>MUSGRAVE</speaker>Hello, why it's Rachel! My dear girl -- whatever are you doing up
   and</ln>

  <ln>about like this? Where's your nurse?</ln>

  <ln><speaker>RACHEL</speaker><stageDirect>Whispers feverishly</stageDirect> She -- she'=s sleeping
   -- I fooled her.</ln>

  <ln><speaker>MUSGRAVE</speaker>You must go right back to bed.</ln>

  <ln><speaker>RACHEL</speaker>Yes, I must go right back. He's gone.</ln>

  <ln><speaker>MUSGRAVE</speaker>Yes, of course.</ln>

  <ln><speaker>RACHEL</speaker>Brunton's gone --he's gone I say --</ln>

  <ln><speaker>MUSGRAVE</speaker>Yes, yes -- I know that -- now don't worry -- we'll find him for
   you. Just go back.</ln>

  <ln><speaker>RACHEL</speaker>You'll never find him -- never--I know where he's gone.</ln>

  <ln><speaker>HOLMES</speaker>Yes?</ln>

  <ln><speaker>RACHEL</speaker>He's gone where he belongs.</ln>

  <ln><speaker>HOLMES</speaker>Where is that?</ln>

  <ln><speaker>RACHEL</speaker>To hell -- he's gone to hell - (laughs)</ln>

  <ln><speaker>MUSGRAVE</speaker>I say -- she's delirious -- help me to get her upstairs, will you?
   We'll have to postpone our talk I'm afraid.</ln>

  <ln><speaker>HOLMES</speaker>Yes -- there's nothing more to do until tomorrow morning in any
   case.</ln>

  <ln><speaker>MUSGRAVE</speaker>What do you mean tomorrow morning?</ln>

  <ln><speaker>HOLMES</speaker>When the sun is over the oak.</ln>

  <ln><speaker>RACHEL</speaker>That's what he said -- and now he's gone -- gone.
    <stageDirect>LAUGHS</stageDirect></ln>

  <ln>
   <music>THEME UP AND PLAY TO END.</music>
  </ln>

  <ln><speaker>MANNING</speaker>In just a moment we will rejoin <mention ref="holmes">Sherlock
    Holmes</mention> as he endeavors to solve the mystery of the Musgrave Ritual. </ln>

  <ln>A cold, even a so-called slight cold, is something to be concerned about. For any cold, as you
   very well know, may quickly take a more serious turn. Be serious in your treatment of a cold. At
   the very first symptom, take a serious and proven preparation.</ln>

  <ln>Bromo Quinine cold tablets have been on the market for years and their merit fully
   established. They really go to work on a cold's misery. They relieve the headaches and other
   pains that go with a cold. They relieve the stuffy and depressed feeling that accompanies a cold.
   They help reduce the fever that goes with a cold. They give you that multiple action you want.
   Don't fool around when you feel a cold coming on. Take warning at the first symptom and take
   Bromo Quinine tablets. Bromo Quinine tablets are sold by all drugstores, a few cents a box. Ask
   clearly and firmly for Bromo - B R O M O--Quinine -- Q U I N I N E -- Bromo Quinine cold
   tablets!</ln>

  <ln>
   <music>THEME UP AND PLAY AS BRIDGE TO SECOND ACT.</music>
  </ln>

  <ln><speaker>MUSGRAVE</speaker>Good morning,<mention ref="holmes"> Holmes</mention> - I hope you
   haven't been too bored prowling around the grounds by yourself. Sorry to have kept you waiting
   for breakfast. Fact is, I'm a bit upset. There's been another disappearance. Rachel eluded her
   nurse again last night, and so far, she hasn't been found. </ln>

  <ln><speaker>HOLMES</speaker>So I understand. Your now butler told me. I've traced her foot-prints
   to the edge of this lake.</ln>

  <ln><speaker>MUSGRAVE</speaker>But the lake is over eight feet deep at this point. Oh, the poor
   demented girl!</ln>

  <ln><speaker>HOLMES</speaker>I took the liberty of ordering the drags and grappling hooks at
   once.</ln>

  <ln><speaker>MUSGRAVE</speaker>Yes. I see the men working. Have you found -- </ln>

  <ln><speaker>HOLMES</speaker>Nothing -- exactly nothing -- hello, there seems to be some
   excitement now. The drags have caught on something. </ln>

  <ln><speaker>MAN</speaker><stageDirect>In distance</stageDirect> We've got 'er -- sir -- we've got
   'er this time for sure.</ln>

  <ln><speaker>MUSGRAVE</speaker>Pull hard boys --</ln>

  <ln>
   <sound>SLOSH OF WATER</sound>
  </ln>

  <ln><speaker>MUSGRAVE</speaker>That's right -- what a frightful business. Hello -- why, why --
   it's not a body!</ln>

  <ln><speaker>HOLMES</speaker>No, it's a large canvas bag.</ln>

  <ln><speaker>MUSGRAVE</speaker><stageDirect>Fading in</stageDirect> Here, boys -- give it to
   me.</ln>

  <ln><speaker>MAN</speaker>Yes sir. </ln>

  <ln><speaker>HOLMES</speaker>What's in it?</ln>

  <ln><speaker>MUSGRAVE</speaker>Just a minute. Don't slosh it around so --</ln>

  <ln>
   <sound>TINKLING SOUND</sound>
  </ln>

  <ln><speaker>MUSGRAVE</speaker>Why - why it's just a lot of old discolored metal and some dull
   colored pebbles or glass. Bah! Throw it back in.</ln>

  <ln><speaker>HOLMES</speaker>Stop! Better keep that stuff - bring it along - and don't let it out
   of your hands. Now let's get back to the house.</ln>

  <ln><speaker>MUSGRAVE</speaker>Breakfast - eh?</ln>

  <ln><speaker>HOLMES</speaker>No, breakfast will have to be postponed. The sun is now over the
   oak.</ln>

  <ln><speaker>MUSGRAVE</speaker>I say,<mention ref="holmes"> Holmes</mention> - you're not taking
   that rubbish seriously?</ln>

  <ln><speaker>HOLMES</speaker>The only thing that puzzles me is the absence of our ancient elm
   tree.</ln>

  <ln><speaker>MUSGRAVE</speaker>Sorry to disappoint you. There are plenty of elderly beeches -
   won't they do?</ln>

  <ln><speaker>HOLMES</speaker>No. I'm afraid not.</ln>

  <ln><speaker>MUSGRAVE</speaker>Wait a minute - there used to be an elm - very ancient it was, too
   - over there - you can still see the stump. It was cut down when I was about fifteen.</ln>

  <ln><speaker>HOLMES</speaker>Hmm - that's better - midway between the house and the oak. Yes -
   that must have been the one. I suppose it's impossible to find out how tall it was. </ln>

  <ln><speaker>MUSGRAVE</speaker>Not at all. It was sixty four feet.</ln>

  <ln><speaker>HOLMES</speaker>Excellent! But how in --</ln>

  <ln><speaker>MUSGRAVE</speaker>That tree was my tutor's favorite exercise in trigonometry.</ln>

  <ln><speaker>HOLMES</speaker>Now then - the shadow of the oak is fairly obvious - we can see that
   for ourselves - but the shadow of the elm is a bit more difficult.</ln>

  <ln><speaker>MUSGRAVE</speaker>I say,<mention ref="holmes"> Holmes</mention> - what are you doing
   with that fishing rod?</ln>

  <ln><speaker>HOLMES</speaker>A fishing rod of six feet -- throws a shadow -- of -- ah -- let me
   see -- nine feet exactly. Quite simple. Therefore, a tree of sixty-four feet will throw a shadow
   of ninety six feet - and in the same direction. Where's my tape? Ah, yes -- ninety six feet --
   ninety-six yes, here we are.</ln>

  <ln><speaker>MUSGRAVE</speaker>I must say,<mention ref="holmes"> Holmes</mention> that's very
   neat.</ln>

  <ln><speaker>HOLMES</speaker>That's just the beginning -- my dear fellow -- just the beginning --
   north ten and ten -- ten steps by each foot I think that means.</ln>

  <ln><speaker>MUSGRAVE</speaker>That takes you parallel to the well of the old wing of the
   house.</ln>

  <ln><speaker>HOLMES</speaker>Marked with a peg -- now five to the east- - yes, and two to the
   South.</ln>

  <ln><speaker>MUSGRAVE</speaker>I say - it takes you to that old unused door.</ln>

  <ln><speaker>HOLMES</speaker>The old unused door has been used quite recently. The surrounding ivy
   is all torn.</ln>

  <ln><speaker>MUSGRAVE</speaker>Yes, by Jove - it's even unlocked.</ln>

  <ln><speaker>HOLMES</speaker>How long since this wing has been inhabited?</ln>

  <ln><speaker>MUSGRAVE</speaker>Not for several generations. It's the oldest part of the house -
   built in the sixteenth century, I should say. It's only used nowadays to store things in.</ln>

  <ln><speaker>HOLMES</speaker>Open the door.</ln>

  <ln>
   <sound>DOOR CREAKS</sound>
  </ln>

  <ln><speaker>HOMES</speaker>Two paces to the west obviously means two paces down this flag stone
   passage.</ln>

  <ln>
   <sound>FOOTSTEPS ON STONE</sound>
  </ln>

  <ln><speaker>HOLMES</speaker>Well, this must be the place indicated by the ritual.</ln>

  <ln>
   <sound>TAPPING ON STONE</sound>
  </ln>

  <ln><speaker>MUSGRAVE</speaker>What are you tapping the stones for?</ln>

  <ln><speaker>HOLMES</speaker>All firmly cemented together -- not even a hollow sound! </ln>

  <ln><speaker>MUSGRAVE</speaker>I told you it was all Balderdash.</ln>

  <ln><speaker>HOLMES</speaker>Hold on -- "And so under" -- I nearly forgot that one. Is there a
   cellar under this place?</ln>

  <ln><speaker>MUSGRAVE</speaker>Yes, it's as old as the house.</ln>

  <ln><speaker>HOLMES</speaker>Lead me to it -- that's where our search ends. </ln>

  <ln><speaker>MUSGRAVE</speaker>Very well -- but what are we searching for?</ln>

  <ln>
   <sound>FOOTSTEPS ON STONE</sound>
  </ln>

  <ln><speaker>MUSGRAVE</speaker>Careful -- steps here - it's pretty dark.</ln>

  <ln>
   <stageDirect>Echo On</stageDirect>
  </ln>

  <ln><speaker>MUSGRAVE</speaker>That's it - this is the cellar - we store wood down here sometimes.
   Hello - it=' all been moved to the side.</ln>

  <ln><speaker>HOLMES</speaker>What's this - what's this?</ln>

  <ln><speaker>MUSGRAVE</speaker>It's Brunton's muffler -- what's the villain been doing down
   here?</ln>

  <ln><speaker>HOLMES</speaker>Just as I thought. Look here - this piece of wood - it's been used to
   prop up something heavy. See how both ends are flattened.</ln>

  <ln><speaker>MUSGRAVE</speaker>Look - the muffler's attached to this iron ring - set in the
   flagstone.</ln>

  <ln><speaker>HOLMES</speaker>Quite sizeable flagstone, eh? He must have had some one to help him.
   He couldn't raise that by himself.</ln>

  <ln><speaker>MUSGRAVE</speaker>You mean Brunton?</ln>

  <ln><speaker>HOLMES</speaker>Yes - he was after the buried treasure. He probably talked Rachel
   into assisting him -- that's how she happened to be in possession of the bag she threw into the
   lake.</ln>

  <ln><speaker>MUSGRAVE</speaker>I don't understand what you're talking about. </ln>

  <ln><speaker>HOLMES</speaker>Hmmm - I can't budge it. Lend a hand, will you Musgrave? </ln>

  <ln><speaker>MUSGRAVE</speaker>Righto -- ugh -- ugh - there it comes.</ln>

  <ln>
   <sound>SCRAPE OF STONE</sound>
  </ln>

  <ln>
   <sound>CREAK OF HINGES</sound>
  </ln>

  <ln><speaker>HOLMES</speaker>Quick - prop it up with that piece of wood</ln>

  <ln>
   <sound>THUD</sound>
  </ln>

  <ln><speaker>HOLMES</speaker>That's it --</ln>


  <ln><speaker>MUSGRAVE</speaker>By Jove -- it's -- it's a small room down there -- and there on the
   side -- what's that?</ln>

  <ln><speaker>HOLMES</speaker>That my dear Musgrave - is what Brunton was after. Come on -- let's
   go down.</ln>

  <ln>
   <sound>JUMPING DOWN TO STONE FLOOR</sound>
  </ln>

  <ln><speaker>MUSGRAVE</speaker>A brass bound wooden box - all covered with dust and worm eaten.
   The lid has been thrown back. Look here,<mention ref="holmes"> Holmes</mention> -I thought you
   expected to find a considerable treasure. All this trunk contains is a few discolored discs of
   metal -- old coins apparently. I say, do you think that rascal Brunton has been here and robbed
   me?</ln>

  <ln><speaker>HOLMES</speaker>That was his intention undoubtedly, but I don't think he
   succeeded.</ln>

  <ln><speaker>MUSGRAVE</speaker>Why not? The box is empty.</ln>

  <ln><speaker>HOLMES</speaker>Because I think I see his feet sticking out from behind the box. Here
   -- help me move the box.</ln>

  <ln>
   <sound>BOX SCRAPES ON FLOOR</sound>
  </ln>

  <ln><speaker>MUSGRAVE</speaker>It's Brunton alright -- he's -- he's dead!</ln>

  <ln><speaker>HOLMES</speaker>Quite. Suffocated, I fancy -- this cubbyhole isn't very large.</ln>

  <ln><speaker>MUSGRAVE</speaker>Yes, but how -- how did it happen?</ln>

  <ln><speaker>HOLMES</speaker>He was murdered on the second night -- after you discovered him in
   the library. I can reconstruct the scene fairly easily from the data we have on hand -- Rachel's
   condition -- the bag found in the lake -- the open door -- the muffler -- and the piece of wood
   used as a prop. It is the last which is particularly significant He had talked Rachel into
   assisting him -- realizing that the girl was still infatuated They waited until everyone had gone
   to bed -- then stole down here. It was a stormy night I believe----</ln>

  <ln>
   <stageDirect>Echo Off</stageDirect>
  </ln>

  <ln>
   <music>BRIDGE TO NEXT SCENE</music>
  </ln>

  <ln>
   <sound>WIND</sound>
  </ln>

  <ln>BRUNTON That's it - close the door after you.</ln>

  <ln>
   <sound>DOOR CLOSES</sound>
  </ln>

  <ln>
   <sound>WIND OUT</sound>
  </ln>

  <ln><speaker>BRUNTON</speaker>Now light the lantern.</ln>

  <ln>
   <sound>LANTERN SLIDES OPEN, MATCH IS STRUCK, LANTERN SLIDES SHUT</sound>
  </ln>

  <ln><speaker>BRUNTON</speaker>That's better -- for the love of Heaven -- don't look like that,
   Rachel -- nothing's going to happen to you!</ln>

  <ln>
   <sound>FOOTSTEPS ON STONE</sound>
  </ln>

  <ln><speaker>RACHEL</speaker>I'm afraid -- do you think we ought?</ln>

  <ln><speaker>BRUNTON</speaker>What's the matter with you? If I'd have known you had no more spunk
   in you than this - I'd -- I'd have asked someone else. I thought you said you loved me?</ln>

  <ln><speaker>RACHEL</speaker>I do - you know I do! I'd do anything for you!</ln>

  <ln><speaker>BRUNTON</speaker>Well, then come along -- down this stairway -- easy!</ln>

  <ln>
   <stageDirect>Echo on</stageDirect>
  </ln>

  <ln><speaker>RACHEL</speaker>But it -- it's stealing.</ln>

  <ln><speaker>BRUNTON</speaker>Stealing? To take something a man doesn't even know he has? He'll
   never miss it.</ln>

  <ln><speaker>RACHEL</speaker>But it's his -- not ours.</ln>

  <ln><speaker>BRUNTON</speaker>What of it -- he hasn't the sense to find it -- has he? I'm the only
   one has enough brains for that, Think I want to spent the rest of my life waiting on them that
   aren't as good as I am? - We'll have money - we'll be rich! Why do you think I didn't marry you
   before? Because I wasn't making enough. Think I'm going to starve myself to keep a wife?</ln>

  <ln><speaker>RACHEL</speaker>Then you will marry me if -- if we find it?</ln>

  <ln><speaker>BRUNTON</speaker>Here's the ring -- wait I'll pull my muffler through it. </ln>

  <ln><speaker>RACHEL</speaker>But you will marry me -- you must. I haven't told you before because
   I didn't want to worry you, but folks are beginning to suspect and I can't --</ln>

  <ln><speaker>BRUNTON</speaker>Stop your blabbing and grab this muffler -- now then pull --pull
   harder...ugh!</ln>

  <ln><speaker>RACHEL</speaker>It's so heavy.</ln>

  <ln><speaker>BRUNTON</speaker>A lot of use you are to a man -- pull harder, I tell you. There she
   comes.</ln>

  <ln>
   <sound>SQUEAK OF HINGES</sound>
  </ln>

  <ln><speaker>BRUNTON</speaker>Quick! Shove that piece of wood under here. There --</ln>

  <ln>
   <sound>THUD OF WOOD</sound>
  </ln>

  <ln><speaker>RACHEL</speaker>Why - there=s a trunk down there. </ln>

  <ln><speaker>BRUNTON</speaker>Of course - and I'm going to find what's in it.</ln>

  <ln>
   <sound>DROPS DOWN</sound>
  </ln>

  <ln><speaker>BRUNTON</speaker>Stop trembling, you fool -- you're shaking the lantern. </ln>


  <ln><speaker>RACHEL</speaker>You -- will marry me, won't you? </ln>

  <ln><speaker>BRUNTON</speaker>Bah! It's dusty down here -- Whew! There's even a key in the lock..
   Up goes the lid.</ln>

  <ln>
   <sound>LID OPENING</sound>
  </ln>

  <ln><speaker>BRUNTON</speaker>Ah-ha -- well, well -- well -- that's something like it.</ln>

  <ln><speaker>RACHEL</speaker>You will -- marry me?</ln>

  <ln><speaker>BRUNTON</speaker>Here, put this stuff in the canvas bag I brought along. Careful you
   ninny - don't drop it. Now give me a hand and help me out of here.</ln>

  <ln><speaker>RACHEL</speaker>You -- you haven't answered me. </ln>

  <ln><speaker>BRUNTON</speaker>Haven't answered what?</ln>

  <ln><speaker>RACHEL</speaker>You are going to marry me, aren't you?</ln>

  <ln><speaker>BRUNTON</speaker>Marry you -- (laughs) What kind of a fool do you take me for? Marry
   a girl like you that lets a fellow -- (laughs)</ln>


  <ln><speaker>RACHEL</speaker>Don't laugh -- don't laugh --</ln>

  <ln><speaker>BRUNTON</speaker>How do I know I'm the only lover you've had! A wench like you --
   (laughs)</ln>

  <ln><speaker>RACHEL</speaker>I hate you! I hate you! I hate the sight of you! I don't ever want to
   see you again!</ln>

  <ln><speaker>BRUNTON</speaker>Here -- what are you doing with that piece of wood? Look out, you
   fool - you'll pull it out! You'll --</ln>

  <ln>
   <sound>HEAVY SLAM OF STONE SLAB</sound>
  </ln>

  <ln><speaker>RACHEL</speaker>He wouldn't marry me --</ln>

  <ln><speaker>BRUNTON</speaker><stageDirect>Very muffled</stageDirect> Let me out -- let me out --
   I can't breathe -- let me out!</ln>

  <ln><speaker>RACHEL</speaker>He wouldn't marry me -- he wouldn't marry me!</ln>

  <ln>
   <stageDirect>Echo off</stageDirect>
  </ln>

  <ln>
   <music>BRIDGE TO NEXT SCENE</music>
  </ln>

  <ln><speaker>MUSGRAVE</speaker>I say,<mention ref="holmes"> Holmes</mention> -- what a cad he must
   have been. </ln>

  <ln><speaker>HOLMES</speaker>Quite.</ln>

  <ln><speaker>MUSGRAVE</speaker>But, what did Brunton find that he considered so valuable? </ln>

  <ln><speaker>HOLMES</speaker>The contents of that bag.</ln>

  <ln><speaker>MUSGRAVE</speaker>This old rubbish! Why, the metal is almost black and these dull
   looking stones --</ln>

  <ln><speaker>HOLMES</speaker>Try rubbing one of them -- that reddish one, for instance.</ln>

  <ln><speaker>MUSGRAVE</speaker>Righto -- I say, I say - it develops quite a sparkle. </ln>

  <ln><speaker>HOLMES</speaker>Quite - I imagine that stuff was left in your ancestors' possession
   by the royal party on the death of Charles first. I congratulate you on its discovery. It is of
   great intrinsic value but of even greater importance as a historical curiosity.</ln>

  <ln><speaker>MUSGRAVE</speaker>Why, what is it then?</ln>

  <ln><speaker>HOLMES</speaker>It is nothing less than the ancient crown of the Kings of
   England!</ln>

  <ln>
   <music>BRIDGE TO NEXT SCENE</music>
  </ln>

  <ln><speaker>MANNING</speaker>That's an exciting discovery, <mention ref="watson">Doctor
    Watson</mention>. How did it happen that Charles the Second never recovered his crown? </ln>

  <ln><speaker>WATSON</speaker>That is the one point<mention ref="holmes"> Holmes</mention> was
   unable to clear up. It is likely that the Musgraves who held the secret died in the interval, and
   by some oversight left this guide to his descendants without explaining the meaning of it.</ln>

  <ln><speaker>MANNING</speaker><mention ref="watson">Dr. Watson</mention> will be back in just a
   moment to tell us about next week's adventure. </ln>

  <ln>
   <stageDirect>PAUSE</stageDirect>
  </ln>

  <ln><speaker>MANNING</speaker>There are all kinds of things being offered for the treatment of
   colds. But remember this: Bromo Quinine tablets are made solely for the relief of colds. They
   don't pretend to do half a dozen things. They claim to do only one thing and do it well -- and
   that is relieve a cold's distress. Furthermore, Bromo Quinine cold tablets are a proven
   preparation. They have been the standby of millions for years. Use your head when a cold
   threatens and take a preparation whose merit has been conclusively proven. Don't fall for
   fly-by-night preparations or medicines that claim the world. Thousands -- yes, millions of men
   and women endorse your judgment when you take Bromo Quinine cold tablets. Every drugstore in the
   land sells those famous tablets at a few cents a box. The minute you feel a cold coming On make
   your way to a drugstore and say: "Bromo Quinine cold tablets, please." And now, what story are we
   to have next week, <mention ref="watson">Doctor Watson</mention>?</ln>

  <ln><speaker>WATSON</speaker>Suppose I tell you the one<mention ref="holmes"> Holmes</mention>
   calls "The Adventure Of The Three Garriddebs."</ln>

  <ln><speaker>MANNING</speaker>Garridebs? What on earth are Garridebs?</ln>

  <ln><speaker>WATSON</speaker><stageDirect>Laughing</stageDirect> It's a family name, Mr. Manning
   -- and the story is concerned with a gentleman called Garrideb, who wished to find others of the
   same name -- for rather curious reasons.</ln>

  <ln>
   <music>SIGNATURE MUSIC UP AND THEN LOWER FOR NEXT PARAGRAPH</music>
  </ln>

  <ln><speaker>MANNING</speaker>You have been listening to a <mention ref="holmes">Sherlock
    Holmes</mention> adventure adapted from Sir Arthur Conan Doyle's story, "The Musgrave Ritual"
   with Basil Rathbone as <mention ref="holmes">Sherlock Holmes</mention>, and Nigel Bruce as
    <mention ref="watson">Doctor Watson</mention>. The dramatization was by Edith Meiser. This
   program is presented from Hollywood every week at this same time by the makers of Bromo Quinine
   Cold tablets - quick relief for colds. This is Knox Manning speaking.</ln>

  <ln>
   <music>UP AND PLAY TO END.</music>
  </ln>
 </script>
</xml>
